199018,1788934402012,4197f047cd2a91ec58f1ec65356574e4,mYpSv,start,,enter,,0,
199019,1788934402022,4197f047cd2a91ec58f1ec65356574e4,mYpSv,reader_ardinghellounddieglckseligeninseln,,enter,ardinghellounddieglckseligeninseln,0,
199020,1788934403487,4197f047cd2a91ec58f1ec65356574e4,mYpSv,reader_ardinghellounddieglckseligeninseln,page650,enter,0.6395,97,ardinghellounddieglckseligeninseln-7322b;ardinghellounddieglckseligeninseln-76603;ardinghellounddieglckseligeninseln-7c9f9;ardinghellounddieglckseligeninseln-7f121;ardinghellounddieglckseligeninseln-a4c44;ardinghellounddieglckseligeninseln-adc18;ardinghellounddieglckseligeninseln-b274d;ardinghellounddieglckseligeninseln-fe609
199021,1788934419774,4197f047cd2a91ec58f1ec65356574e4,mYpSv,reader_ardinghellounddieglckseligeninseln,location,close,reject,0,
199022,1788934422534,4197f047cd2a91ec58f1ec65356574e4,mYpSv,reader_ardinghellounddieglckseligeninseln,page651,leave,0.6385,97,ardinghellounddieglckseligeninseln-7322b;ardinghellounddieglckseligeninseln-76603;ardinghellounddieglckseligeninseln-7c9f9;ardinghellounddieglckseligeninseln-7f121;ardinghellounddieglckseligeninseln-a4c44;ardinghellounddieglckseligeninseln-adc18;ardinghellounddieglckseligeninseln-b274d;ardinghellounddieglckseligeninseln-fe609
199023,1788942587850,e765fa2ea4b5214f8c49168570471dfa,jj4me,start,,enter,,0,
199024,1788942632967,e765fa2ea4b5214f8c49168570471dfa,jj4me,datenschutz-bestaetigen,,enter,,0,
199025,1788942643852,e765fa2ea4b5214f8c49168570471dfa,jj4me,fragebogen,,enter,,0,
199026,1788948589118,5d4720f613578df0a232001b00d572cf,lPT83,start,,enter,,0,
199027,1788948589176,5d4720f613578df0a232001b00d572cf,lPT83,reader_fausti,,enter,fausti,0,
199028,1788948590574,5d4720f613578df0a232001b00d572cf,lPT83,reader_fausti,page61,enter,0.1242,164,fausti-01ab7;fausti-045ae;fausti-151fa;fausti-23bdc;fausti-2c58d;fausti-3788b;fausti-3aa5b;fausti-3b387;fausti-55f09;fausti-635b6;fausti-69328;fausti-6f98a;fausti-719d7;fausti-7c895;fausti-7cd93;fausti-8667a;fausti-91353;fausti-9ed56;fausti-a8191;fausti-a840b;fausti-acde3;fausti-bf585;fausti-c08c2;fausti-c35e0;fausti-c4790;fausti-c50b1;fausti-c87fb;fausti-dc485;fausti-e399b;fausti-e525d;fausti-f4e16;fausti-fd096;fausti-fe58c
199029,1788973952849,536cad72f0d438934c7721ef7ebdd8e5,mUYmP,start,,enter,,0,
199030,1788973952863,536cad72f0d438934c7721ef7ebdd8e5,mUYmP,reader_ausdemlebeneinestaugenichts,,enter,ausdemlebeneinestaugenichts,0,
199031,1788973953933,536cad72f0d438934c7721ef7ebdd8e5,mUYmP,reader_ausdemlebeneinestaugenichts,page130,enter,0.4549,109,ausdemlebeneinestaugenichts-22780;ausdemlebeneinestaugenichts-37af8;ausdemlebeneinestaugenichts-3ef02;ausdemlebeneinestaugenichts-cf83f;ausdemlebeneinestaugenichts-d5a54;ausdemlebeneinestaugenichts-ebd05;ausdemlebeneinestaugenichts-ef5e4
199032,1788973960645,536cad72f0d438934c7721ef7ebdd8e5,mUYmP,reader_ausdemlebeneinestaugenichts,location,set,ort-7,0,
199033,1788973972606,536cad72f0d438934c7721ef7ebdd8e5,mUYmP,second-menu,,enter,,0,
199034,1788973975948,536cad72f0d438934c7721ef7ebdd8e5,mUYmP,reader_ausdemlebeneinestaugenichts,,enter,ausdemlebeneinestaugenichts,0,
199035,1788973975965,536cad72f0d438934c7721ef7ebdd8e5,mUYmP,reader_ausdemlebeneinestaugenichts,page130,enter,0.4549,109,ausdemlebeneinestaugenichts-22780;ausdemlebeneinestaugenichts-37af8;ausdemlebeneinestaugenichts-3ef02;ausdemlebeneinestaugenichts-cf83f;ausdemlebeneinestaugenichts-d5a54;ausdemlebeneinestaugenichts-ebd05;ausdemlebeneinestaugenichts-ef5e4
199036,1788973998255,536cad72f0d438934c7721ef7ebdd8e5,mUYmP,reader_ausdemlebeneinestaugenichts,page131,enter,0.4583,110,ausdemlebeneinestaugenichts-5cef6;ausdemlebeneinestaugenichts-6ca06;ausdemlebeneinestaugenichts-83161;ausdemlebeneinestaugenichts-b0d11;ausdemlebeneinestaugenichts-b7a66;ausdemlebeneinestaugenichts-eaa47;ausdemlebeneinestaugenichts-ebd05
199037,1788974023132,536cad72f0d438934c7721ef7ebdd8e5,mUYmP,reader_ausdemlebeneinestaugenichts,page132,enter,0.4618,117,ausdemlebeneinestaugenichts-468b9;ausdemlebeneinestaugenichts-683c3;ausdemlebeneinestaugenichts-b7a66;ausdemlebeneinestaugenichts-ceb6e;ausdemlebeneinestaugenichts-e3490
199038,1788974053143,536cad72f0d438934c7721ef7ebdd8e5,mUYmP,reader_ausdemlebeneinestaugenichts,page133,enter,0.4653,107,ausdemlebeneinestaugenichts-468b9;ausdemlebeneinestaugenichts-4d2db;ausdemlebeneinestaugenichts-5548e;ausdemlebeneinestaugenichts-7b936;ausdemlebeneinestaugenichts-8b9cb;ausdemlebeneinestaugenichts-9e948
199039,1788974088208,536cad72f0d438934c7721ef7ebdd8e5,mUYmP,reader_ausdemlebeneinestaugenichts,page134,enter,0.4688,112,ausdemlebeneinestaugenichts-00ca0;ausdemlebeneinestaugenichts-2550d;ausdemlebeneinestaugenichts-2b611;ausdemlebeneinestaugenichts-56127;ausdemlebeneinestaugenichts-c4ba9;ausdemlebeneinestaugenichts-cee58
199040,1788974122375,536cad72f0d438934c7721ef7ebdd8e5,mUYmP,reader_ausdemlebeneinestaugenichts,page135,enter,0.4722,129,ausdemlebeneinestaugenichts-00081;ausdemlebeneinestaugenichts-397dd;ausdemlebeneinestaugenichts-3c2d7;ausdemlebeneinestaugenichts-4e8d4;ausdemlebeneinestaugenichts-56127;ausdemlebeneinestaugenichts-5b00e;ausdemlebeneinestaugenichts-5cbd6;ausdemlebeneinestaugenichts-869ec
199041,1788974163665,536cad72f0d438934c7721ef7ebdd8e5,mUYmP,reader_ausdemlebeneinestaugenichts,page136,enter,0.4757,113,ausdemlebeneinestaugenichts-0121e;ausdemlebeneinestaugenichts-5b00e;ausdemlebeneinestaugenichts-5de09;ausdemlebeneinestaugenichts-63771;ausdemlebeneinestaugenichts-70b04;ausdemlebeneinestaugenichts-d38af;ausdemlebeneinestaugenichts-dbbe1;ausdemlebeneinestaugenichts-ecd97;ausdemlebeneinestaugenichts-fadef
199042,1788974193656,536cad72f0d438934c7721ef7ebdd8e5,mUYmP,reader_ausdemlebeneinestaugenichts,page137,enter,0.4792,106,ausdemlebeneinestaugenichts-0ed19;ausdemlebeneinestaugenichts-16844;ausdemlebeneinestaugenichts-266ad;ausdemlebeneinestaugenichts-2d1f5;ausdemlebeneinestaugenichts-7e262;ausdemlebeneinestaugenichts-8eafc;ausdemlebeneinestaugenichts-ec9ea
199043,1788974222246,536cad72f0d438934c7721ef7ebdd8e5,mUYmP,reader_ausdemlebeneinestaugenichts,page138,enter,0.4826,99,ausdemlebeneinestaugenichts-082c9;ausdemlebeneinestaugenichts-15532;ausdemlebeneinestaugenichts-34228;ausdemlebeneinestaugenichts-74800;ausdemlebeneinestaugenichts-7db03;ausdemlebeneinestaugenichts-7e262;ausdemlebeneinestaugenichts-baca6;ausdemlebeneinestaugenichts-ed9fd
199044,1788974248142,536cad72f0d438934c7721ef7ebdd8e5,mUYmP,second-menu,,enter,,0,
199045,1788974250718,536cad72f0d438934c7721ef7ebdd8e5,mUYmP,reader_ausdemlebeneinestaugenichts,,enter,ausdemlebeneinestaugenichts,0,
199046,1788974250739,536cad72f0d438934c7721ef7ebdd8e5,mUYmP,reader_ausdemlebeneinestaugenichts,page138,enter,0.4826,99,ausdemlebeneinestaugenichts-082c9;ausdemlebeneinestaugenichts-15532;ausdemlebeneinestaugenichts-34228;ausdemlebeneinestaugenichts-74800;ausdemlebeneinestaugenichts-7db03;ausdemlebeneinestaugenichts-7e262;ausdemlebeneinestaugenichts-baca6;ausdemlebeneinestaugenichts-ed9fd
199047,1788974259143,536cad72f0d438934c7721ef7ebdd8e5,mUYmP,reader_ausdemlebeneinestaugenichts,page139,enter,0.4861,109,ausdemlebeneinestaugenichts-5303f;ausdemlebeneinestaugenichts-5fb10;ausdemlebeneinestaugenichts-682c6;ausdemlebeneinestaugenichts-6fe23;ausdemlebeneinestaugenichts-86f77;ausdemlebeneinestaugenichts-ed9fd;ausdemlebeneinestaugenichts-f8bdc
199048,1788974282094,536cad72f0d438934c7721ef7ebdd8e5,mUYmP,reader_ausdemlebeneinestaugenichts,page140,enter,0.4896,95,ausdemlebeneinestaugenichts-86f77;ausdemlebeneinestaugenichts-b66c1;ausdemlebeneinestaugenichts-c196a
199049,1788974335467,536cad72f0d438934c7721ef7ebdd8e5,mUYmP,reader_ausdemlebeneinestaugenichts,page141,enter,0.4931,109,ausdemlebeneinestaugenichts-3409a;ausdemlebeneinestaugenichts-5ccdb;ausdemlebeneinestaugenichts-76aab;ausdemlebeneinestaugenichts-b66c1;ausdemlebeneinestaugenichts-b905b
199050,1788974366225,536cad72f0d438934c7721ef7ebdd8e5,mUYmP,reader_ausdemlebeneinestaugenichts,page142,enter,0.4965,109,ausdemlebeneinestaugenichts-63355;ausdemlebeneinestaugenichts-77260;ausdemlebeneinestaugenichts-90fba;ausdemlebeneinestaugenichts-b905b;ausdemlebeneinestaugenichts-d1886
199051,1788974418533,536cad72f0d438934c7721ef7ebdd8e5,mUYmP,reader_ausdemlebeneinestaugenichts,page143,enter,0.5,105,ausdemlebeneinestaugenichts-1a45a;ausdemlebeneinestaugenichts-31cbe;ausdemlebeneinestaugenichts-3ab83;ausdemlebeneinestaugenichts-63355;ausdemlebeneinestaugenichts-6690a;ausdemlebeneinestaugenichts-9a0f7
199052,1788974469455,536cad72f0d438934c7721ef7ebdd8e5,mUYmP,reader_ausdemlebeneinestaugenichts,page144,enter,0.5035,123,ausdemlebeneinestaugenichts-1a45a;ausdemlebeneinestaugenichts-4681b;ausdemlebeneinestaugenichts-68420;ausdemlebeneinestaugenichts-783f9;ausdemlebeneinestaugenichts-f93a7
199053,1788974496315,536cad72f0d438934c7721ef7ebdd8e5,mUYmP,reader_ausdemlebeneinestaugenichts,page145,enter,0.5069,110,ausdemlebeneinestaugenichts-01476;ausdemlebeneinestaugenichts-0bd3d;ausdemlebeneinestaugenichts-1e9cb;ausdemlebeneinestaugenichts-388a2;ausdemlebeneinestaugenichts-3dd2b;ausdemlebeneinestaugenichts-5a427;ausdemlebeneinestaugenichts-67867;ausdemlebeneinestaugenichts-68420;ausdemlebeneinestaugenichts-8541c;ausdemlebeneinestaugenichts-8aed7;ausdemlebeneinestaugenichts-ab9d6;ausdemlebeneinestaugenichts-c0d2d;ausdemlebeneinestaugenichts-e58a5;ausdemlebeneinestaugenichts-ef6da
199054,1788974520880,536cad72f0d438934c7721ef7ebdd8e5,mUYmP,reader_ausdemlebeneinestaugenichts,page146,enter,0.5104,116,ausdemlebeneinestaugenichts-36cca;ausdemlebeneinestaugenichts-56b0c;ausdemlebeneinestaugenichts-75fa9;ausdemlebeneinestaugenichts-8aed7;ausdemlebeneinestaugenichts-c9164;ausdemlebeneinestaugenichts-dbf12;ausdemlebeneinestaugenichts-e4dc4
199055,1788974523827,536cad72f0d438934c7721ef7ebdd8e5,mUYmP,reader_ausdemlebeneinestaugenichts,page147,leave,0.5069,116,ausdemlebeneinestaugenichts-36cca;ausdemlebeneinestaugenichts-56b0c;ausdemlebeneinestaugenichts-75fa9;ausdemlebeneinestaugenichts-8aed7;ausdemlebeneinestaugenichts-c9164;ausdemlebeneinestaugenichts-dbf12;ausdemlebeneinestaugenichts-e4dc4
199056,1788974732636,536cad72f0d438934c7721ef7ebdd8e5,qqXjr,reader_ausdemlebeneinestaugenichts,page147,reenter,0.5069,116,ausdemlebeneinestaugenichts-36cca;ausdemlebeneinestaugenichts-56b0c;ausdemlebeneinestaugenichts-75fa9;ausdemlebeneinestaugenichts-8aed7;ausdemlebeneinestaugenichts-c9164;ausdemlebeneinestaugenichts-dbf12;ausdemlebeneinestaugenichts-e4dc4
199057,1788974737248,536cad72f0d438934c7721ef7ebdd8e5,qqXjr,reader_ausdemlebeneinestaugenichts,mindwandering,close,reject,0,
199058,1788974763777,536cad72f0d438934c7721ef7ebdd8e5,qqXjr,reader_ausdemlebeneinestaugenichts,page147,enter,0.5139,110,ausdemlebeneinestaugenichts-5c90f;ausdemlebeneinestaugenichts-6125e;ausdemlebeneinestaugenichts-94996;ausdemlebeneinestaugenichts-c9164
199059,1788974788405,536cad72f0d438934c7721ef7ebdd8e5,qqXjr,reader_ausdemlebeneinestaugenichts,page148,enter,0.5174,104,ausdemlebeneinestaugenichts-011e1;ausdemlebeneinestaugenichts-3d36c;ausdemlebeneinestaugenichts-49285;ausdemlebeneinestaugenichts-51d67;ausdemlebeneinestaugenichts-5c90f;ausdemlebeneinestaugenichts-84aca;ausdemlebeneinestaugenichts-8f7fd
199060,1788974811836,536cad72f0d438934c7721ef7ebdd8e5,qqXjr,reader_ausdemlebeneinestaugenichts,page149,enter,0.5208,70,ausdemlebeneinestaugenichts-2c599;ausdemlebeneinestaugenichts-4ffea;ausdemlebeneinestaugenichts-6a99c;ausdemlebeneinestaugenichts-70b0b;ausdemlebeneinestaugenichts-76d0c;ausdemlebeneinestaugenichts-77424;ausdemlebeneinestaugenichts-7b18b;ausdemlebeneinestaugenichts-933d2;ausdemlebeneinestaugenichts-a55b8;ausdemlebeneinestaugenichts-bdce8;ausdemlebeneinestaugenichts-c1168;ausdemlebeneinestaugenichts-d0aa2;ausdemlebeneinestaugenichts-e5c19;ausdemlebeneinestaugenichts-fe2f1
199061,1788974835853,536cad72f0d438934c7721ef7ebdd8e5,qqXjr,reader_ausdemlebeneinestaugenichts,page150,enter,0.5243,121,ausdemlebeneinestaugenichts-01590;ausdemlebeneinestaugenichts-02ee5;ausdemlebeneinestaugenichts-0ba38;ausdemlebeneinestaugenichts-77424;ausdemlebeneinestaugenichts-a41b6;ausdemlebeneinestaugenichts-e3914;ausdemlebeneinestaugenichts-fcf2f
199062,1788974845436,536cad72f0d438934c7721ef7ebdd8e5,qqXjr,reader_ausdemlebeneinestaugenichts,page151,leave,0.5208,121,ausdemlebeneinestaugenichts-01590;ausdemlebeneinestaugenichts-02ee5;ausdemlebeneinestaugenichts-0ba38;ausdemlebeneinestaugenichts-77424;ausdemlebeneinestaugenichts-a41b6;ausdemlebeneinestaugenichts-e3914;ausdemlebeneinestaugenichts-fcf2f
199063,1788974875044,536cad72f0d438934c7721ef7ebdd8e5,E0Hcs,reader_ausdemlebeneinestaugenichts,page151,reenter,0.5208,121,ausdemlebeneinestaugenichts-01590;ausdemlebeneinestaugenichts-02ee5;ausdemlebeneinestaugenichts-0ba38;ausdemlebeneinestaugenichts-77424;ausdemlebeneinestaugenichts-a41b6;ausdemlebeneinestaugenichts-e3914;ausdemlebeneinestaugenichts-fcf2f
199064,1788974921999,536cad72f0d438934c7721ef7ebdd8e5,E0Hcs,reader_ausdemlebeneinestaugenichts,page152,enter,0.5313,112,ausdemlebeneinestaugenichts-136c1;ausdemlebeneinestaugenichts-1cc60;ausdemlebeneinestaugenichts-2f630;ausdemlebeneinestaugenichts-393a2;ausdemlebeneinestaugenichts-56342;ausdemlebeneinestaugenichts-b16f0
199065,1788974961888,536cad72f0d438934c7721ef7ebdd8e5,E0Hcs,reader_ausdemlebeneinestaugenichts,page153,enter,0.5347,112,ausdemlebeneinestaugenichts-0efa1;ausdemlebeneinestaugenichts-2f630;ausdemlebeneinestaugenichts-86dd5;ausdemlebeneinestaugenichts-875e3;ausdemlebeneinestaugenichts-8788a
199066,1788975001339,536cad72f0d438934c7721ef7ebdd8e5,E0Hcs,reader_ausdemlebeneinestaugenichts,page154,enter,0.5382,116,ausdemlebeneinestaugenichts-0efa1;ausdemlebeneinestaugenichts-184fc;ausdemlebeneinestaugenichts-3b9a3;ausdemlebeneinestaugenichts-6a96b;ausdemlebeneinestaugenichts-90c2d
199067,1788975002468,536cad72f0d438934c7721ef7ebdd8e5,E0Hcs,reader_ausdemlebeneinestaugenichts,emotion,close,reject,0,
199068,1788975029259,536cad72f0d438934c7721ef7ebdd8e5,E0Hcs,reader_ausdemlebeneinestaugenichts,page155,enter,0.5417,118,ausdemlebeneinestaugenichts-0b8f8;ausdemlebeneinestaugenichts-3b9a3;ausdemlebeneinestaugenichts-4dd20;ausdemlebeneinestaugenichts-59a20;ausdemlebeneinestaugenichts-69be5;ausdemlebeneinestaugenichts-90d42;ausdemlebeneinestaugenichts-94490
199069,1788975054152,536cad72f0d438934c7721ef7ebdd8e5,E0Hcs,reader_ausdemlebeneinestaugenichts,page156,enter,0.5451,107,ausdemlebeneinestaugenichts-0ba94;ausdemlebeneinestaugenichts-5f38c;ausdemlebeneinestaugenichts-677c1;ausdemlebeneinestaugenichts-75ae7;ausdemlebeneinestaugenichts-791f6;ausdemlebeneinestaugenichts-90d42;ausdemlebeneinestaugenichts-adcf1;ausdemlebeneinestaugenichts-d74c2;ausdemlebeneinestaugenichts-f7872
199070,1788975079429,536cad72f0d438934c7721ef7ebdd8e5,E0Hcs,reader_ausdemlebeneinestaugenichts,page157,enter,0.5486,111,ausdemlebeneinestaugenichts-0182a;ausdemlebeneinestaugenichts-04416;ausdemlebeneinestaugenichts-055d8;ausdemlebeneinestaugenichts-13087;ausdemlebeneinestaugenichts-1f847;ausdemlebeneinestaugenichts-2a6de;ausdemlebeneinestaugenichts-791f6;ausdemlebeneinestaugenichts-918b9
199071,1788975102328,536cad72f0d438934c7721ef7ebdd8e5,E0Hcs,reader_ausdemlebeneinestaugenichts,page158,enter,0.5521,118,ausdemlebeneinestaugenichts-04416;ausdemlebeneinestaugenichts-40cf0;ausdemlebeneinestaugenichts-4395e;ausdemlebeneinestaugenichts-58b78;ausdemlebeneinestaugenichts-bdf38;ausdemlebeneinestaugenichts-cf801;ausdemlebeneinestaugenichts-e2672
199072,1788975147992,536cad72f0d438934c7721ef7ebdd8e5,E0Hcs,reader_ausdemlebeneinestaugenichts,page159,enter,0.5556,113,ausdemlebeneinestaugenichts-10187;ausdemlebeneinestaugenichts-5f319;ausdemlebeneinestaugenichts-81b96;ausdemlebeneinestaugenichts-878df;ausdemlebeneinestaugenichts-aee00;ausdemlebeneinestaugenichts-e2672
199073,1788975201260,536cad72f0d438934c7721ef7ebdd8e5,E0Hcs,reader_ausdemlebeneinestaugenichts,page160,enter,0.559,112,ausdemlebeneinestaugenichts-298b9;ausdemlebeneinestaugenichts-3fbf3;ausdemlebeneinestaugenichts-4adc2;ausdemlebeneinestaugenichts-5f319;ausdemlebeneinestaugenichts-a8635;ausdemlebeneinestaugenichts-b3047;ausdemlebeneinestaugenichts-c7631
199074,1788975227372,536cad72f0d438934c7721ef7ebdd8e5,E0Hcs,reader_ausdemlebeneinestaugenichts,page161,enter,0.5625,110,ausdemlebeneinestaugenichts-0c596;ausdemlebeneinestaugenichts-2ae55;ausdemlebeneinestaugenichts-47253;ausdemlebeneinestaugenichts-4adc2;ausdemlebeneinestaugenichts-6b3b2;ausdemlebeneinestaugenichts-996ef;ausdemlebeneinestaugenichts-a988d
199075,1788975252370,536cad72f0d438934c7721ef7ebdd8e5,E0Hcs,reader_ausdemlebeneinestaugenichts,page162,enter,0.566,112,ausdemlebeneinestaugenichts-21b38;ausdemlebeneinestaugenichts-2ae55;ausdemlebeneinestaugenichts-3df8f;ausdemlebeneinestaugenichts-a3254;ausdemlebeneinestaugenichts-a9252;ausdemlebeneinestaugenichts-d676e
199076,1788975279055,536cad72f0d438934c7721ef7ebdd8e5,E0Hcs,reader_ausdemlebeneinestaugenichts,page163,enter,0.5694,116,ausdemlebeneinestaugenichts-2462d;ausdemlebeneinestaugenichts-782f4;ausdemlebeneinestaugenichts-a3254;ausdemlebeneinestaugenichts-ddc61;ausdemlebeneinestaugenichts-f5df7;ausdemlebeneinestaugenichts-f9e34
199077,1788975315915,536cad72f0d438934c7721ef7ebdd8e5,E0Hcs,reader_ausdemlebeneinestaugenichts,page164,enter,0.5729,116,ausdemlebeneinestaugenichts-17faf;ausdemlebeneinestaugenichts-1ef33;ausdemlebeneinestaugenichts-782f4;ausdemlebeneinestaugenichts-797af;ausdemlebeneinestaugenichts-c165f;ausdemlebeneinestaugenichts-f4c2e;ausdemlebeneinestaugenichts-f5dc6
199078,1788975329847,536cad72f0d438934c7721ef7ebdd8e5,E0Hcs,reader_ausdemlebeneinestaugenichts,page163,enter,0.5694,116,ausdemlebeneinestaugenichts-2462d;ausdemlebeneinestaugenichts-782f4;ausdemlebeneinestaugenichts-a3254;ausdemlebeneinestaugenichts-ddc61;ausdemlebeneinestaugenichts-f5df7;ausdemlebeneinestaugenichts-f9e34
199079,1788975334604,536cad72f0d438934c7721ef7ebdd8e5,E0Hcs,reader_ausdemlebeneinestaugenichts,page164,enter,0.5729,116,ausdemlebeneinestaugenichts-17faf;ausdemlebeneinestaugenichts-1ef33;ausdemlebeneinestaugenichts-782f4;ausdemlebeneinestaugenichts-797af;ausdemlebeneinestaugenichts-c165f;ausdemlebeneinestaugenichts-f4c2e;ausdemlebeneinestaugenichts-f5dc6
199080,1788975359053,536cad72f0d438934c7721ef7ebdd8e5,E0Hcs,reader_ausdemlebeneinestaugenichts,page165,enter,0.5764,111,ausdemlebeneinestaugenichts-352c3;ausdemlebeneinestaugenichts-43027;ausdemlebeneinestaugenichts-4446a;ausdemlebeneinestaugenichts-962af;ausdemlebeneinestaugenichts-99df7;ausdemlebeneinestaugenichts-9f734;ausdemlebeneinestaugenichts-c165f;ausdemlebeneinestaugenichts-c3972
199081,1788975384815,536cad72f0d438934c7721ef7ebdd8e5,E0Hcs,reader_ausdemlebeneinestaugenichts,page166,enter,0.5799,41,ausdemlebeneinestaugenichts-99df7;ausdemlebeneinestaugenichts-b5e2f
199082,1788975393436,536cad72f0d438934c7721ef7ebdd8e5,E0Hcs,reader_ausdemlebeneinestaugenichts,page167,enter,0.5833,113,ausdemlebeneinestaugenichts-1c7fb;ausdemlebeneinestaugenichts-6c7b7;ausdemlebeneinestaugenichts-a26e2;ausdemlebeneinestaugenichts-ede26;ausdemlebeneinestaugenichts-f6dcd
199083,1788975397278,536cad72f0d438934c7721ef7ebdd8e5,E0Hcs,reader_ausdemlebeneinestaugenichts,page168,leave,0.5799,113,ausdemlebeneinestaugenichts-1c7fb;ausdemlebeneinestaugenichts-6c7b7;ausdemlebeneinestaugenichts-a26e2;ausdemlebeneinestaugenichts-ede26;ausdemlebeneinestaugenichts-f6dcd
199084,1788975549176,536cad72f0d438934c7721ef7ebdd8e5,N3AMs,reader_ausdemlebeneinestaugenichts,page168,reenter,0.5799,113,ausdemlebeneinestaugenichts-1c7fb;ausdemlebeneinestaugenichts-6c7b7;ausdemlebeneinestaugenichts-a26e2;ausdemlebeneinestaugenichts-ede26;ausdemlebeneinestaugenichts-f6dcd
199085,1788975551127,536cad72f0d438934c7721ef7ebdd8e5,N3AMs,reader_ausdemlebeneinestaugenichts,mindwandering,close,reject,0,
199086,1788975591700,536cad72f0d438934c7721ef7ebdd8e5,N3AMs,reader_ausdemlebeneinestaugenichts,page168,enter,0.5868,108,ausdemlebeneinestaugenichts-03843;ausdemlebeneinestaugenichts-674dd;ausdemlebeneinestaugenichts-a316f;ausdemlebeneinestaugenichts-ede26
199087,1788975595761,536cad72f0d438934c7721ef7ebdd8e5,N3AMs,reader_ausdemlebeneinestaugenichts,page169,leave,0.5833,108,ausdemlebeneinestaugenichts-03843;ausdemlebeneinestaugenichts-674dd;ausdemlebeneinestaugenichts-a316f;ausdemlebeneinestaugenichts-ede26
199088,1788975616434,536cad72f0d438934c7721ef7ebdd8e5,jeySV,reader_ausdemlebeneinestaugenichts,page169,reenter,0.5833,108,ausdemlebeneinestaugenichts-03843;ausdemlebeneinestaugenichts-674dd;ausdemlebeneinestaugenichts-a316f;ausdemlebeneinestaugenichts-ede26
199089,1788975673776,536cad72f0d438934c7721ef7ebdd8e5,jeySV,reader_ausdemlebeneinestaugenichts,page170,enter,0.5938,103,ausdemlebeneinestaugenichts-242b1;ausdemlebeneinestaugenichts-69bfa;ausdemlebeneinestaugenichts-7b0ef;ausdemlebeneinestaugenichts-81406;ausdemlebeneinestaugenichts-a09b5
199090,1788975697143,536cad72f0d438934c7721ef7ebdd8e5,jeySV,reader_ausdemlebeneinestaugenichts,page171,enter,0.5972,112,ausdemlebeneinestaugenichts-385aa;ausdemlebeneinestaugenichts-45471;ausdemlebeneinestaugenichts-8e2c4;ausdemlebeneinestaugenichts-a09b5;ausdemlebeneinestaugenichts-a2200
199091,1788975697447,536cad72f0d438934c7721ef7ebdd8e5,jeySV,reader_ausdemlebeneinestaugenichts,page170,enter,0.5938,103,ausdemlebeneinestaugenichts-242b1;ausdemlebeneinestaugenichts-69bfa;ausdemlebeneinestaugenichts-7b0ef;ausdemlebeneinestaugenichts-81406;ausdemlebeneinestaugenichts-a09b5
199092,1788975700062,536cad72f0d438934c7721ef7ebdd8e5,jeySV,reader_ausdemlebeneinestaugenichts,emotion,close,reject,0,
199093,1788975701669,536cad72f0d438934c7721ef7ebdd8e5,jeySV,reader_ausdemlebeneinestaugenichts,page171,enter,0.5972,112,ausdemlebeneinestaugenichts-385aa;ausdemlebeneinestaugenichts-45471;ausdemlebeneinestaugenichts-8e2c4;ausdemlebeneinestaugenichts-a09b5;ausdemlebeneinestaugenichts-a2200
199094,1788975733092,536cad72f0d438934c7721ef7ebdd8e5,jeySV,reader_ausdemlebeneinestaugenichts,page172,enter,0.6007,123,ausdemlebeneinestaugenichts-076a0;ausdemlebeneinestaugenichts-216af;ausdemlebeneinestaugenichts-72138;ausdemlebeneinestaugenichts-75a53;ausdemlebeneinestaugenichts-a2200;ausdemlebeneinestaugenichts-a73a7;ausdemlebeneinestaugenichts-c0a33
199095,1788975755144,536cad72f0d438934c7721ef7ebdd8e5,jeySV,reader_ausdemlebeneinestaugenichts,page173,enter,0.6042,108,ausdemlebeneinestaugenichts-1da4e;ausdemlebeneinestaugenichts-30968;ausdemlebeneinestaugenichts-5428e;ausdemlebeneinestaugenichts-72138;ausdemlebeneinestaugenichts-bd806;ausdemlebeneinestaugenichts-e4b23
199096,1788975775116,536cad72f0d438934c7721ef7ebdd8e5,jeySV,reader_ausdemlebeneinestaugenichts,page174,enter,0.6076,121,ausdemlebeneinestaugenichts-30968;ausdemlebeneinestaugenichts-5aa84;ausdemlebeneinestaugenichts-6b166;ausdemlebeneinestaugenichts-efe3e;ausdemlebeneinestaugenichts-f67fa
199097,1788975801693,536cad72f0d438934c7721ef7ebdd8e5,jeySV,reader_ausdemlebeneinestaugenichts,page175,enter,0.6111,109,ausdemlebeneinestaugenichts-2af8e;ausdemlebeneinestaugenichts-5aa84;ausdemlebeneinestaugenichts-9ec0a;ausdemlebeneinestaugenichts-a546d;ausdemlebeneinestaugenichts-a7394;ausdemlebeneinestaugenichts-f996e;ausdemlebeneinestaugenichts-ffd70
199098,1788975837544,536cad72f0d438934c7721ef7ebdd8e5,jeySV,reader_ausdemlebeneinestaugenichts,page176,enter,0.6146,112,ausdemlebeneinestaugenichts-04dc3;ausdemlebeneinestaugenichts-06a5f;ausdemlebeneinestaugenichts-0a324;ausdemlebeneinestaugenichts-2af8e;ausdemlebeneinestaugenichts-2c7c5;ausdemlebeneinestaugenichts-7fdca
199099,1788975865914,536cad72f0d438934c7721ef7ebdd8e5,jeySV,reader_ausdemlebeneinestaugenichts,page177,enter,0.6181,96,ausdemlebeneinestaugenichts-00bed;ausdemlebeneinestaugenichts-06a5f;ausdemlebeneinestaugenichts-37ee3;ausdemlebeneinestaugenichts-b75df;ausdemlebeneinestaugenichts-c6758;ausdemlebeneinestaugenichts-cbc5f;ausdemlebeneinestaugenichts-e3bba;ausdemlebeneinestaugenichts-e4985;ausdemlebeneinestaugenichts-e6e9f
199100,1788975888130,536cad72f0d438934c7721ef7ebdd8e5,jeySV,reader_ausdemlebeneinestaugenichts,page178,enter,0.6215,117,ausdemlebeneinestaugenichts-185c4;ausdemlebeneinestaugenichts-1f40c;ausdemlebeneinestaugenichts-408ee;ausdemlebeneinestaugenichts-5022c;ausdemlebeneinestaugenichts-59847;ausdemlebeneinestaugenichts-9f66e;ausdemlebeneinestaugenichts-c6758;ausdemlebeneinestaugenichts-d8b29;ausdemlebeneinestaugenichts-e3722;ausdemlebeneinestaugenichts-e78be
199101,1788975910967,536cad72f0d438934c7721ef7ebdd8e5,jeySV,reader_ausdemlebeneinestaugenichts,page179,enter,0.625,128,ausdemlebeneinestaugenichts-20612;ausdemlebeneinestaugenichts-20d36;ausdemlebeneinestaugenichts-2cfb4;ausdemlebeneinestaugenichts-2fbe4;ausdemlebeneinestaugenichts-3acc1;ausdemlebeneinestaugenichts-5022c;ausdemlebeneinestaugenichts-798db;ausdemlebeneinestaugenichts-7faf8;ausdemlebeneinestaugenichts-f53d3
199102,1788975940954,536cad72f0d438934c7721ef7ebdd8e5,jeySV,reader_ausdemlebeneinestaugenichts,page180,enter,0.6285,106,ausdemlebeneinestaugenichts-474c9;ausdemlebeneinestaugenichts-7faf8;ausdemlebeneinestaugenichts-a5283;ausdemlebeneinestaugenichts-a9f2a;ausdemlebeneinestaugenichts-b68b8;ausdemlebeneinestaugenichts-d2893;ausdemlebeneinestaugenichts-e7ae5
199103,1788975943156,536cad72f0d438934c7721ef7ebdd8e5,jeySV,reader_ausdemlebeneinestaugenichts,page179,enter,0.625,128,ausdemlebeneinestaugenichts-20612;ausdemlebeneinestaugenichts-20d36;ausdemlebeneinestaugenichts-2cfb4;ausdemlebeneinestaugenichts-2fbe4;ausdemlebeneinestaugenichts-3acc1;ausdemlebeneinestaugenichts-5022c;ausdemlebeneinestaugenichts-798db;ausdemlebeneinestaugenichts-7faf8;ausdemlebeneinestaugenichts-f53d3
199104,1788975946544,536cad72f0d438934c7721ef7ebdd8e5,jeySV,reader_ausdemlebeneinestaugenichts,page180,enter,0.6285,106,ausdemlebeneinestaugenichts-474c9;ausdemlebeneinestaugenichts-7faf8;ausdemlebeneinestaugenichts-a5283;ausdemlebeneinestaugenichts-a9f2a;ausdemlebeneinestaugenichts-b68b8;ausdemlebeneinestaugenichts-d2893;ausdemlebeneinestaugenichts-e7ae5
199105,1788975988934,536cad72f0d438934c7721ef7ebdd8e5,jeySV,reader_ausdemlebeneinestaugenichts,page181,enter,0.6319,92,ausdemlebeneinestaugenichts-2ce44;ausdemlebeneinestaugenichts-3b4d6;ausdemlebeneinestaugenichts-4ae8e;ausdemlebeneinestaugenichts-95d32;ausdemlebeneinestaugenichts-a5283;ausdemlebeneinestaugenichts-a9bbe
199106,1788976010685,536cad72f0d438934c7721ef7ebdd8e5,jeySV,reader_ausdemlebeneinestaugenichts,page182,enter,0.6354,115,ausdemlebeneinestaugenichts-2c209;ausdemlebeneinestaugenichts-35338;ausdemlebeneinestaugenichts-44693;ausdemlebeneinestaugenichts-4477c;ausdemlebeneinestaugenichts-61f46;ausdemlebeneinestaugenichts-66ca3;ausdemlebeneinestaugenichts-7a557;ausdemlebeneinestaugenichts-d21bd;ausdemlebeneinestaugenichts-f817c
199107,1788976019783,536cad72f0d438934c7721ef7ebdd8e5,jeySV,second-menu,,enter,,0,
199108,1788976025343,536cad72f0d438934c7721ef7ebdd8e5,jeySV,reader_ausdemlebeneinestaugenichts,,enter,ausdemlebeneinestaugenichts,0,
199109,1788976025362,536cad72f0d438934c7721ef7ebdd8e5,jeySV,reader_ausdemlebeneinestaugenichts,page182,enter,0.6354,115,ausdemlebeneinestaugenichts-2c209;ausdemlebeneinestaugenichts-35338;ausdemlebeneinestaugenichts-44693;ausdemlebeneinestaugenichts-4477c;ausdemlebeneinestaugenichts-61f46;ausdemlebeneinestaugenichts-66ca3;ausdemlebeneinestaugenichts-7a557;ausdemlebeneinestaugenichts-d21bd;ausdemlebeneinestaugenichts-f817c
199110,1788976053653,536cad72f0d438934c7721ef7ebdd8e5,jeySV,reader_ausdemlebeneinestaugenichts,page183,enter,0.6389,101,ausdemlebeneinestaugenichts-04dac;ausdemlebeneinestaugenichts-71ce4;ausdemlebeneinestaugenichts-7a557;ausdemlebeneinestaugenichts-89b5c;ausdemlebeneinestaugenichts-90d15;ausdemlebeneinestaugenichts-98e36;ausdemlebeneinestaugenichts-ed218;ausdemlebeneinestaugenichts-ee92f
199111,1788976084894,536cad72f0d438934c7721ef7ebdd8e5,jeySV,reader_ausdemlebeneinestaugenichts,page184,enter,0.6424,127,ausdemlebeneinestaugenichts-1045d;ausdemlebeneinestaugenichts-1c420;ausdemlebeneinestaugenichts-e9693;ausdemlebeneinestaugenichts-ee92f;ausdemlebeneinestaugenichts-f96b8
199112,1788976128816,536cad72f0d438934c7721ef7ebdd8e5,jeySV,reader_ausdemlebeneinestaugenichts,page185,enter,0.6458,108,ausdemlebeneinestaugenichts-1c420;ausdemlebeneinestaugenichts-350f5;ausdemlebeneinestaugenichts-781de;ausdemlebeneinestaugenichts-9f5e9;ausdemlebeneinestaugenichts-c1716
199113,1788976161434,536cad72f0d438934c7721ef7ebdd8e5,jeySV,reader_ausdemlebeneinestaugenichts,page186,enter,0.6493,122,ausdemlebeneinestaugenichts-0d675;ausdemlebeneinestaugenichts-1c704;ausdemlebeneinestaugenichts-3c0af;ausdemlebeneinestaugenichts-3db7a;ausdemlebeneinestaugenichts-4844a;ausdemlebeneinestaugenichts-4b35f;ausdemlebeneinestaugenichts-5ca4b;ausdemlebeneinestaugenichts-64f94;ausdemlebeneinestaugenichts-781de;ausdemlebeneinestaugenichts-7b61d;ausdemlebeneinestaugenichts-7e3fa;ausdemlebeneinestaugenichts-998a4;ausdemlebeneinestaugenichts-f8728
199114,1788976190842,536cad72f0d438934c7721ef7ebdd8e5,jeySV,reader_ausdemlebeneinestaugenichts,page187,enter,0.6528,129,ausdemlebeneinestaugenichts-060d2;ausdemlebeneinestaugenichts-28b07;ausdemlebeneinestaugenichts-28b5f;ausdemlebeneinestaugenichts-64f94;ausdemlebeneinestaugenichts-6a99e;ausdemlebeneinestaugenichts-6b546;ausdemlebeneinestaugenichts-98fe9;ausdemlebeneinestaugenichts-db487;ausdemlebeneinestaugenichts-ff3a9
199115,1788976212494,536cad72f0d438934c7721ef7ebdd8e5,jeySV,reader_ausdemlebeneinestaugenichts,page188,enter,0.6563,128,ausdemlebeneinestaugenichts-19b60;ausdemlebeneinestaugenichts-1d2a6;ausdemlebeneinestaugenichts-4d082;ausdemlebeneinestaugenichts-6a99e;ausdemlebeneinestaugenichts-6dc78;ausdemlebeneinestaugenichts-9373d;ausdemlebeneinestaugenichts-dae81;ausdemlebeneinestaugenichts-e82f1
199116,1788976241916,536cad72f0d438934c7721ef7ebdd8e5,jeySV,reader_ausdemlebeneinestaugenichts,page189,enter,0.6597,121,ausdemlebeneinestaugenichts-43f69;ausdemlebeneinestaugenichts-4f7d9;ausdemlebeneinestaugenichts-662f5;ausdemlebeneinestaugenichts-d5fb2;ausdemlebeneinestaugenichts-e82f1
199117,1788976267383,536cad72f0d438934c7721ef7ebdd8e5,jeySV,reader_ausdemlebeneinestaugenichts,page190,enter,0.6632,12,ausdemlebeneinestaugenichts-d5fb2
199118,1788976268917,536cad72f0d438934c7721ef7ebdd8e5,jeySV,reader_ausdemlebeneinestaugenichts,emotion,close,reject,0,
199119,1788976273522,536cad72f0d438934c7721ef7ebdd8e5,jeySV,reader_ausdemlebeneinestaugenichts,page191,leave,0.6597,12,ausdemlebeneinestaugenichts-d5fb2
199120,1788976355658,536cad72f0d438934c7721ef7ebdd8e5,ScfBw,reader_ausdemlebeneinestaugenichts,page191,reenter,0.6597,12,ausdemlebeneinestaugenichts-d5fb2
199121,1788976357309,536cad72f0d438934c7721ef7ebdd8e5,ScfBw,reader_ausdemlebeneinestaugenichts,mindwandering,close,reject,0,
199122,1788976361548,536cad72f0d438934c7721ef7ebdd8e5,ScfBw,reader_ausdemlebeneinestaugenichts,page191,enter,0.6667,104,ausdemlebeneinestaugenichts-06e14;ausdemlebeneinestaugenichts-44a01;ausdemlebeneinestaugenichts-4ee38;ausdemlebeneinestaugenichts-8f5b3;ausdemlebeneinestaugenichts-c993f;ausdemlebeneinestaugenichts-ce52f
199123,1788976380070,536cad72f0d438934c7721ef7ebdd8e5,ScfBw,reader_ausdemlebeneinestaugenichts,page192,leave,0.6632,104,ausdemlebeneinestaugenichts-06e14;ausdemlebeneinestaugenichts-44a01;ausdemlebeneinestaugenichts-4ee38;ausdemlebeneinestaugenichts-8f5b3;ausdemlebeneinestaugenichts-c993f;ausdemlebeneinestaugenichts-ce52f
199124,1788978144704,536cad72f0d438934c7721ef7ebdd8e5,jyzIr,start,,enter,,0,
199125,1788978144714,536cad72f0d438934c7721ef7ebdd8e5,jyzIr,reader_ausdemlebeneinestaugenichts,,enter,ausdemlebeneinestaugenichts,0,
199126,1788978150039,536cad72f0d438934c7721ef7ebdd8e5,jyzIr,reader_ausdemlebeneinestaugenichts,page191,enter,0.6667,104,ausdemlebeneinestaugenichts-06e14;ausdemlebeneinestaugenichts-44a01;ausdemlebeneinestaugenichts-4ee38;ausdemlebeneinestaugenichts-8f5b3;ausdemlebeneinestaugenichts-c993f;ausdemlebeneinestaugenichts-ce52f
199127,1788978151205,536cad72f0d438934c7721ef7ebdd8e5,jyzIr,projektpartner,,enter,,0,
199128,1788978152913,536cad72f0d438934c7721ef7ebdd8e5,jyzIr,home,,enter,,0,
199129,1788978154879,536cad72f0d438934c7721ef7ebdd8e5,jyzIr,reader_ausdemlebeneinestaugenichts,,enter,ausdemlebeneinestaugenichts,0,
199130,1788978154901,536cad72f0d438934c7721ef7ebdd8e5,jyzIr,reader_ausdemlebeneinestaugenichts,page191,enter,0.6667,104,ausdemlebeneinestaugenichts-06e14;ausdemlebeneinestaugenichts-44a01;ausdemlebeneinestaugenichts-4ee38;ausdemlebeneinestaugenichts-8f5b3;ausdemlebeneinestaugenichts-c993f;ausdemlebeneinestaugenichts-ce52f
199131,1788978156154,536cad72f0d438934c7721ef7ebdd8e5,jyzIr,reader_ausdemlebeneinestaugenichts,location,close,reject,0,
199132,1788978168298,536cad72f0d438934c7721ef7ebdd8e5,jyzIr,reader_ausdemlebeneinestaugenichts,page192,enter,0.6701,112,ausdemlebeneinestaugenichts-06e14;ausdemlebeneinestaugenichts-2637e;ausdemlebeneinestaugenichts-2c2a0;ausdemlebeneinestaugenichts-e3422
199133,1788978192944,536cad72f0d438934c7721ef7ebdd8e5,jyzIr,reader_ausdemlebeneinestaugenichts,page193,enter,0.6736,99,ausdemlebeneinestaugenichts-0e56f;ausdemlebeneinestaugenichts-1be00;ausdemlebeneinestaugenichts-2c2a0;ausdemlebeneinestaugenichts-61153
199134,1788978220036,536cad72f0d438934c7721ef7ebdd8e5,jyzIr,reader_ausdemlebeneinestaugenichts,page194,enter,0.6771,118,ausdemlebeneinestaugenichts-0e56f;ausdemlebeneinestaugenichts-2062c;ausdemlebeneinestaugenichts-3ac34;ausdemlebeneinestaugenichts-704de;ausdemlebeneinestaugenichts-9704f;ausdemlebeneinestaugenichts-d2cb8;ausdemlebeneinestaugenichts-d5be1
199135,1788978256095,536cad72f0d438934c7721ef7ebdd8e5,jyzIr,reader_ausdemlebeneinestaugenichts,page195,enter,0.6806,101,ausdemlebeneinestaugenichts-308de;ausdemlebeneinestaugenichts-3ac34;ausdemlebeneinestaugenichts-a26f0;ausdemlebeneinestaugenichts-afade;ausdemlebeneinestaugenichts-b5d65;ausdemlebeneinestaugenichts-c1352;ausdemlebeneinestaugenichts-d0d0c;ausdemlebeneinestaugenichts-f2bf4
199136,1788978276997,536cad72f0d438934c7721ef7ebdd8e5,jyzIr,reader_ausdemlebeneinestaugenichts,page196,enter,0.684,104,ausdemlebeneinestaugenichts-10178;ausdemlebeneinestaugenichts-4f0c8;ausdemlebeneinestaugenichts-892bd;ausdemlebeneinestaugenichts-9e2ca;ausdemlebeneinestaugenichts-b0387;ausdemlebeneinestaugenichts-cb896
199137,1788978277295,536cad72f0d438934c7721ef7ebdd8e5,jyzIr,reader_ausdemlebeneinestaugenichts,page195,enter,0.6806,101,ausdemlebeneinestaugenichts-308de;ausdemlebeneinestaugenichts-3ac34;ausdemlebeneinestaugenichts-a26f0;ausdemlebeneinestaugenichts-afade;ausdemlebeneinestaugenichts-b5d65;ausdemlebeneinestaugenichts-c1352;ausdemlebeneinestaugenichts-d0d0c;ausdemlebeneinestaugenichts-f2bf4
199138,1788978278260,536cad72f0d438934c7721ef7ebdd8e5,jyzIr,reader_ausdemlebeneinestaugenichts,page196,enter,0.684,104,ausdemlebeneinestaugenichts-10178;ausdemlebeneinestaugenichts-4f0c8;ausdemlebeneinestaugenichts-892bd;ausdemlebeneinestaugenichts-9e2ca;ausdemlebeneinestaugenichts-b0387;ausdemlebeneinestaugenichts-cb896
199139,1788978288330,536cad72f0d438934c7721ef7ebdd8e5,jyzIr,reader_ausdemlebeneinestaugenichts,page197,leave,0.6806,104,ausdemlebeneinestaugenichts-10178;ausdemlebeneinestaugenichts-4f0c8;ausdemlebeneinestaugenichts-892bd;ausdemlebeneinestaugenichts-9e2ca;ausdemlebeneinestaugenichts-b0387;ausdemlebeneinestaugenichts-cb896
199140,1788978338735,536cad72f0d438934c7721ef7ebdd8e5,ZV279,reader_ausdemlebeneinestaugenichts,page197,reenter,0.6806,104,ausdemlebeneinestaugenichts-10178;ausdemlebeneinestaugenichts-4f0c8;ausdemlebeneinestaugenichts-892bd;ausdemlebeneinestaugenichts-9e2ca;ausdemlebeneinestaugenichts-b0387;ausdemlebeneinestaugenichts-cb896
199141,1788978342129,536cad72f0d438934c7721ef7ebdd8e5,ZV279,reader_ausdemlebeneinestaugenichts,mindwandering,close,reject,0,
199142,1788978351527,536cad72f0d438934c7721ef7ebdd8e5,ZV279,reader_ausdemlebeneinestaugenichts,page197,enter,0.6875,102,ausdemlebeneinestaugenichts-86d87;ausdemlebeneinestaugenichts-cb896;ausdemlebeneinestaugenichts-e02cb
199143,1788978375886,536cad72f0d438934c7721ef7ebdd8e5,ZV279,reader_ausdemlebeneinestaugenichts,page198,enter,0.691,99,ausdemlebeneinestaugenichts-18ec2;ausdemlebeneinestaugenichts-4feea;ausdemlebeneinestaugenichts-771e0;ausdemlebeneinestaugenichts-86d87;ausdemlebeneinestaugenichts-8cdb7;ausdemlebeneinestaugenichts-cf67c
199144,1788978403611,536cad72f0d438934c7721ef7ebdd8e5,ZV279,reader_ausdemlebeneinestaugenichts,page199,enter,0.6944,115,ausdemlebeneinestaugenichts-048bc;ausdemlebeneinestaugenichts-167ec;ausdemlebeneinestaugenichts-1ca07;ausdemlebeneinestaugenichts-37160;ausdemlebeneinestaugenichts-590f5;ausdemlebeneinestaugenichts-736de;ausdemlebeneinestaugenichts-771e0;ausdemlebeneinestaugenichts-ef7d1;ausdemlebeneinestaugenichts-f97f9
199145,1788978432301,536cad72f0d438934c7721ef7ebdd8e5,ZV279,reader_ausdemlebeneinestaugenichts,page200,enter,0.6979,116,ausdemlebeneinestaugenichts-00e67;ausdemlebeneinestaugenichts-0e4e4;ausdemlebeneinestaugenichts-2d5b4;ausdemlebeneinestaugenichts-2ee21;ausdemlebeneinestaugenichts-37160;ausdemlebeneinestaugenichts-6fadd
199146,1788978456528,536cad72f0d438934c7721ef7ebdd8e5,ZV279,reader_ausdemlebeneinestaugenichts,page201,enter,0.7014,110,ausdemlebeneinestaugenichts-2d5b4;ausdemlebeneinestaugenichts-3ae8f;ausdemlebeneinestaugenichts-4e887;ausdemlebeneinestaugenichts-50af5;ausdemlebeneinestaugenichts-7077d;ausdemlebeneinestaugenichts-a55e6;ausdemlebeneinestaugenichts-e0014;ausdemlebeneinestaugenichts-e8635
199147,1788978490642,536cad72f0d438934c7721ef7ebdd8e5,ZV279,reader_ausdemlebeneinestaugenichts,page202,enter,0.7049,107,ausdemlebeneinestaugenichts-2d49f;ausdemlebeneinestaugenichts-50af5;ausdemlebeneinestaugenichts-5af21;ausdemlebeneinestaugenichts-b2c95;ausdemlebeneinestaugenichts-b920e
199148,1788978513605,536cad72f0d438934c7721ef7ebdd8e5,ZV279,reader_ausdemlebeneinestaugenichts,page203,enter,0.7083,104,ausdemlebeneinestaugenichts-4fa09;ausdemlebeneinestaugenichts-b2c95
199149,1788978537973,536cad72f0d438934c7721ef7ebdd8e5,ZV279,second-menu,,enter,,0,
199150,1788978542891,536cad72f0d438934c7721ef7ebdd8e5,ZV279,reader_ausdemlebeneinestaugenichts,,enter,ausdemlebeneinestaugenichts,0,
199151,1788978542910,536cad72f0d438934c7721ef7ebdd8e5,ZV279,reader_ausdemlebeneinestaugenichts,page203,enter,0.7083,104,ausdemlebeneinestaugenichts-4fa09;ausdemlebeneinestaugenichts-b2c95
199152,1788978556908,536cad72f0d438934c7721ef7ebdd8e5,ZV279,reader_ausdemlebeneinestaugenichts,page204,enter,0.7118,106,ausdemlebeneinestaugenichts-09528;ausdemlebeneinestaugenichts-21158;ausdemlebeneinestaugenichts-38ec7;ausdemlebeneinestaugenichts-4fa09;ausdemlebeneinestaugenichts-5fcc3;ausdemlebeneinestaugenichts-6f0da;ausdemlebeneinestaugenichts-c2677
199153,1788978586061,536cad72f0d438934c7721ef7ebdd8e5,ZV279,reader_ausdemlebeneinestaugenichts,page205,enter,0.7153,102,ausdemlebeneinestaugenichts-15349;ausdemlebeneinestaugenichts-2d1cb;ausdemlebeneinestaugenichts-39fc7;ausdemlebeneinestaugenichts-6f0da;ausdemlebeneinestaugenichts-c3f2e;ausdemlebeneinestaugenichts-fe9ae
199154,1788978609310,536cad72f0d438934c7721ef7ebdd8e5,ZV279,reader_ausdemlebeneinestaugenichts,page206,leave,0.7118,102,ausdemlebeneinestaugenichts-15349;ausdemlebeneinestaugenichts-2d1cb;ausdemlebeneinestaugenichts-39fc7;ausdemlebeneinestaugenichts-6f0da;ausdemlebeneinestaugenichts-c3f2e;ausdemlebeneinestaugenichts-fe9ae
199155,1788981478714,536cad72f0d438934c7721ef7ebdd8e5,0wr9y,start,,enter,,0,
199156,1788981478726,536cad72f0d438934c7721ef7ebdd8e5,0wr9y,reader_ausdemlebeneinestaugenichts,,enter,ausdemlebeneinestaugenichts,0,
199157,1788981482415,536cad72f0d438934c7721ef7ebdd8e5,0wr9y,reader_ausdemlebeneinestaugenichts,page205,enter,0.7153,102,ausdemlebeneinestaugenichts-15349;ausdemlebeneinestaugenichts-2d1cb;ausdemlebeneinestaugenichts-39fc7;ausdemlebeneinestaugenichts-6f0da;ausdemlebeneinestaugenichts-c3f2e;ausdemlebeneinestaugenichts-fe9ae
199158,1788981493442,536cad72f0d438934c7721ef7ebdd8e5,0wr9y,reader_ausdemlebeneinestaugenichts,page206,enter,0.7188,104,ausdemlebeneinestaugenichts-844c6;ausdemlebeneinestaugenichts-b2471;ausdemlebeneinestaugenichts-fe9ae
199159,1788981494564,536cad72f0d438934c7721ef7ebdd8e5,0wr9y,reader_ausdemlebeneinestaugenichts,location,close,reject,0,
199160,1788981520597,536cad72f0d438934c7721ef7ebdd8e5,0wr9y,reader_ausdemlebeneinestaugenichts,page207,enter,0.7222,101,ausdemlebeneinestaugenichts-0d977;ausdemlebeneinestaugenichts-12cc9;ausdemlebeneinestaugenichts-2c7b7;ausdemlebeneinestaugenichts-5da44;ausdemlebeneinestaugenichts-835b8;ausdemlebeneinestaugenichts-844c6;ausdemlebeneinestaugenichts-a58c7
199161,1788981548959,536cad72f0d438934c7721ef7ebdd8e5,0wr9y,reader_ausdemlebeneinestaugenichts,page208,enter,0.7257,103,ausdemlebeneinestaugenichts-116ec;ausdemlebeneinestaugenichts-657a0;ausdemlebeneinestaugenichts-67434;ausdemlebeneinestaugenichts-6e210;ausdemlebeneinestaugenichts-814e9;ausdemlebeneinestaugenichts-a58c7;ausdemlebeneinestaugenichts-b60c6;ausdemlebeneinestaugenichts-cd2a0
199162,1788981567360,536cad72f0d438934c7721ef7ebdd8e5,0wr9y,reader_ausdemlebeneinestaugenichts,page209,enter,0.7292,114,ausdemlebeneinestaugenichts-0a2e9;ausdemlebeneinestaugenichts-10cac;ausdemlebeneinestaugenichts-26a8e;ausdemlebeneinestaugenichts-417a7;ausdemlebeneinestaugenichts-42b54;ausdemlebeneinestaugenichts-67434;ausdemlebeneinestaugenichts-9169e;ausdemlebeneinestaugenichts-a05d5;ausdemlebeneinestaugenichts-d358c
199163,1788981588762,536cad72f0d438934c7721ef7ebdd8e5,0wr9y,reader_ausdemlebeneinestaugenichts,page210,enter,0.7326,120,ausdemlebeneinestaugenichts-19569;ausdemlebeneinestaugenichts-42b54;ausdemlebeneinestaugenichts-4b08a;ausdemlebeneinestaugenichts-7a502;ausdemlebeneinestaugenichts-d1267
199164,1788981615821,536cad72f0d438934c7721ef7ebdd8e5,0wr9y,reader_ausdemlebeneinestaugenichts,page211,enter,0.7361,117,ausdemlebeneinestaugenichts-4b08a;ausdemlebeneinestaugenichts-9b6e5;ausdemlebeneinestaugenichts-ebed0;ausdemlebeneinestaugenichts-f2465
199165,1788981588762,536cad72f0d438934c7721ef7ebdd8e5,0wr9y,reader_ausdemlebeneinestaugenichts,page210,enter,0.7326,120,ausdemlebeneinestaugenichts-19569;ausdemlebeneinestaugenichts-42b54;ausdemlebeneinestaugenichts-4b08a;ausdemlebeneinestaugenichts-7a502;ausdemlebeneinestaugenichts-d1267
199166,1788981643515,536cad72f0d438934c7721ef7ebdd8e5,0wr9y,reader_ausdemlebeneinestaugenichts,page212,enter,0.7396,123,ausdemlebeneinestaugenichts-3f19c;ausdemlebeneinestaugenichts-42bb0;ausdemlebeneinestaugenichts-6a107;ausdemlebeneinestaugenichts-73e06;ausdemlebeneinestaugenichts-9f001;ausdemlebeneinestaugenichts-9f27c;ausdemlebeneinestaugenichts-f2465;ausdemlebeneinestaugenichts-fcf1d
199167,1788981677002,536cad72f0d438934c7721ef7ebdd8e5,0wr9y,reader_ausdemlebeneinestaugenichts,page213,leave,0.7361,123,ausdemlebeneinestaugenichts-3f19c;ausdemlebeneinestaugenichts-42bb0;ausdemlebeneinestaugenichts-6a107;ausdemlebeneinestaugenichts-73e06;ausdemlebeneinestaugenichts-9f001;ausdemlebeneinestaugenichts-9f27c;ausdemlebeneinestaugenichts-f2465;ausdemlebeneinestaugenichts-fcf1d
199168,1788981679003,536cad72f0d438934c7721ef7ebdd8e5,P9uFq,reader_ausdemlebeneinestaugenichts,page213,reenter,0.7361,123,ausdemlebeneinestaugenichts-3f19c;ausdemlebeneinestaugenichts-42bb0;ausdemlebeneinestaugenichts-6a107;ausdemlebeneinestaugenichts-73e06;ausdemlebeneinestaugenichts-9f001;ausdemlebeneinestaugenichts-9f27c;ausdemlebeneinestaugenichts-f2465;ausdemlebeneinestaugenichts-fcf1d
199169,1788981695251,536cad72f0d438934c7721ef7ebdd8e5,P9uFq,reader_ausdemlebeneinestaugenichts,page212,enter,0.7396,123,ausdemlebeneinestaugenichts-3f19c;ausdemlebeneinestaugenichts-42bb0;ausdemlebeneinestaugenichts-6a107;ausdemlebeneinestaugenichts-73e06;ausdemlebeneinestaugenichts-9f001;ausdemlebeneinestaugenichts-9f27c;ausdemlebeneinestaugenichts-f2465;ausdemlebeneinestaugenichts-fcf1d
199170,1788981696349,536cad72f0d438934c7721ef7ebdd8e5,P9uFq,reader_ausdemlebeneinestaugenichts,page213,enter,0.7431,111,ausdemlebeneinestaugenichts-40e88;ausdemlebeneinestaugenichts-9f27c;ausdemlebeneinestaugenichts-d55e4
199171,1788981699777,536cad72f0d438934c7721ef7ebdd8e5,P9uFq,reader_ausdemlebeneinestaugenichts,page212,enter,0.7396,123,ausdemlebeneinestaugenichts-3f19c;ausdemlebeneinestaugenichts-42bb0;ausdemlebeneinestaugenichts-6a107;ausdemlebeneinestaugenichts-73e06;ausdemlebeneinestaugenichts-9f001;ausdemlebeneinestaugenichts-9f27c;ausdemlebeneinestaugenichts-f2465;ausdemlebeneinestaugenichts-fcf1d
199172,1788981717384,536cad72f0d438934c7721ef7ebdd8e5,P9uFq,reader_ausdemlebeneinestaugenichts,page213,enter,0.7431,111,ausdemlebeneinestaugenichts-40e88;ausdemlebeneinestaugenichts-9f27c;ausdemlebeneinestaugenichts-d55e4
199173,1788981738510,536cad72f0d438934c7721ef7ebdd8e5,P9uFq,reader_ausdemlebeneinestaugenichts,page214,enter,0.7465,114,ausdemlebeneinestaugenichts-0ecf5;ausdemlebeneinestaugenichts-4185a;ausdemlebeneinestaugenichts-d55e4;ausdemlebeneinestaugenichts-e5168;ausdemlebeneinestaugenichts-eedc0;ausdemlebeneinestaugenichts-ef754;ausdemlebeneinestaugenichts-f9f07
199174,1788981776843,536cad72f0d438934c7721ef7ebdd8e5,P9uFq,reader_ausdemlebeneinestaugenichts,page215,enter,0.75,116,ausdemlebeneinestaugenichts-49804;ausdemlebeneinestaugenichts-a5921;ausdemlebeneinestaugenichts-e7ab6;ausdemlebeneinestaugenichts-eedc0
199175,1788981802704,536cad72f0d438934c7721ef7ebdd8e5,P9uFq,reader_ausdemlebeneinestaugenichts,page216,enter,0.7535,101,ausdemlebeneinestaugenichts-6c897;ausdemlebeneinestaugenichts-8a782;ausdemlebeneinestaugenichts-9b90c;ausdemlebeneinestaugenichts-a5921;ausdemlebeneinestaugenichts-a8b2e;ausdemlebeneinestaugenichts-dbf64
199176,1788981825534,536cad72f0d438934c7721ef7ebdd8e5,P9uFq,reader_ausdemlebeneinestaugenichts,page217,enter,0.7569,109,ausdemlebeneinestaugenichts-18589;ausdemlebeneinestaugenichts-19357;ausdemlebeneinestaugenichts-29005;ausdemlebeneinestaugenichts-8a782;ausdemlebeneinestaugenichts-8cfd4
199177,1788981859752,536cad72f0d438934c7721ef7ebdd8e5,P9uFq,reader_ausdemlebeneinestaugenichts,page218,enter,0.7604,110,ausdemlebeneinestaugenichts-19357;ausdemlebeneinestaugenichts-2b340;ausdemlebeneinestaugenichts-32d99;ausdemlebeneinestaugenichts-4548a;ausdemlebeneinestaugenichts-ccb2e;ausdemlebeneinestaugenichts-faaa9
199178,1788981887337,536cad72f0d438934c7721ef7ebdd8e5,P9uFq,reader_ausdemlebeneinestaugenichts,page219,enter,0.7639,108,ausdemlebeneinestaugenichts-072a5;ausdemlebeneinestaugenichts-0a524;ausdemlebeneinestaugenichts-12653;ausdemlebeneinestaugenichts-16c21;ausdemlebeneinestaugenichts-3bb86;ausdemlebeneinestaugenichts-9cbb0;ausdemlebeneinestaugenichts-ccb2e;ausdemlebeneinestaugenichts-fbe38
199179,1788981912105,536cad72f0d438934c7721ef7ebdd8e5,P9uFq,reader_ausdemlebeneinestaugenichts,page220,enter,0.7674,106,ausdemlebeneinestaugenichts-0a3bc;ausdemlebeneinestaugenichts-0a6f9;ausdemlebeneinestaugenichts-49e38;ausdemlebeneinestaugenichts-80ad6;ausdemlebeneinestaugenichts-abab4;ausdemlebeneinestaugenichts-fbe38
199180,1788981930439,536cad72f0d438934c7721ef7ebdd8e5,P9uFq,reader_ausdemlebeneinestaugenichts,page221,enter,0.7708,111,ausdemlebeneinestaugenichts-1c156;ausdemlebeneinestaugenichts-50780;ausdemlebeneinestaugenichts-6620e;ausdemlebeneinestaugenichts-8e085;ausdemlebeneinestaugenichts-b5828;ausdemlebeneinestaugenichts-cd0c1
199181,1788981952603,536cad72f0d438934c7721ef7ebdd8e5,P9uFq,reader_ausdemlebeneinestaugenichts,page222,enter,0.7743,114,ausdemlebeneinestaugenichts-41d14;ausdemlebeneinestaugenichts-b5828;ausdemlebeneinestaugenichts-c97d8;ausdemlebeneinestaugenichts-d89d5;ausdemlebeneinestaugenichts-ec1a5;ausdemlebeneinestaugenichts-f62e5
199182,1788981974668,536cad72f0d438934c7721ef7ebdd8e5,P9uFq,reader_ausdemlebeneinestaugenichts,page223,enter,0.7778,104,ausdemlebeneinestaugenichts-262d3;ausdemlebeneinestaugenichts-34767;ausdemlebeneinestaugenichts-39b7c;ausdemlebeneinestaugenichts-544fb;ausdemlebeneinestaugenichts-90cee;ausdemlebeneinestaugenichts-b2438;ausdemlebeneinestaugenichts-ec1a5
199183,1788981990211,536cad72f0d438934c7721ef7ebdd8e5,P9uFq,reader_ausdemlebeneinestaugenichts,page224,enter,0.7813,100,ausdemlebeneinestaugenichts-34767;ausdemlebeneinestaugenichts-448e3;ausdemlebeneinestaugenichts-5e53f;ausdemlebeneinestaugenichts-7ab34;ausdemlebeneinestaugenichts-8f68c;ausdemlebeneinestaugenichts-fed3e
199184,1788982008320,536cad72f0d438934c7721ef7ebdd8e5,P9uFq,reader_ausdemlebeneinestaugenichts,page225,enter,0.7847,108,ausdemlebeneinestaugenichts-1db47;ausdemlebeneinestaugenichts-27d4b;ausdemlebeneinestaugenichts-7a968;ausdemlebeneinestaugenichts-8d338;ausdemlebeneinestaugenichts-8f68c;ausdemlebeneinestaugenichts-8fa38;ausdemlebeneinestaugenichts-c5799;ausdemlebeneinestaugenichts-ef20e
199185,1788982029286,536cad72f0d438934c7721ef7ebdd8e5,P9uFq,reader_ausdemlebeneinestaugenichts,page226,enter,0.7882,110,ausdemlebeneinestaugenichts-56933;ausdemlebeneinestaugenichts-6621c;ausdemlebeneinestaugenichts-6f253;ausdemlebeneinestaugenichts-8080a;ausdemlebeneinestaugenichts-a233f;ausdemlebeneinestaugenichts-c5799
199186,1788982051452,536cad72f0d438934c7721ef7ebdd8e5,P9uFq,reader_ausdemlebeneinestaugenichts,page227,enter,0.7917,106,ausdemlebeneinestaugenichts-6621c;ausdemlebeneinestaugenichts-79a03;ausdemlebeneinestaugenichts-8738e;ausdemlebeneinestaugenichts-98e01;ausdemlebeneinestaugenichts-cec3b;ausdemlebeneinestaugenichts-deb25;ausdemlebeneinestaugenichts-e7da0
199187,1788982079313,536cad72f0d438934c7721ef7ebdd8e5,P9uFq,reader_ausdemlebeneinestaugenichts,page229,enter,0.7986,58,ausdemlebeneinestaugenichts-060ca;ausdemlebeneinestaugenichts-2d7c0;ausdemlebeneinestaugenichts-4e2e7;ausdemlebeneinestaugenichts-64010;ausdemlebeneinestaugenichts-6913f;ausdemlebeneinestaugenichts-6adcd;ausdemlebeneinestaugenichts-71687;ausdemlebeneinestaugenichts-716f3;ausdemlebeneinestaugenichts-7a77d;ausdemlebeneinestaugenichts-8ec6c;ausdemlebeneinestaugenichts-a0fe5;ausdemlebeneinestaugenichts-c4d78;ausdemlebeneinestaugenichts-ed816
199188,1788982092586,536cad72f0d438934c7721ef7ebdd8e5,fys8I,reader_ausdemlebeneinestaugenichts,page230,reenter,0.7951,58,ausdemlebeneinestaugenichts-060ca;ausdemlebeneinestaugenichts-2d7c0;ausdemlebeneinestaugenichts-4e2e7;ausdemlebeneinestaugenichts-64010;ausdemlebeneinestaugenichts-6913f;ausdemlebeneinestaugenichts-6adcd;ausdemlebeneinestaugenichts-71687;ausdemlebeneinestaugenichts-716f3;ausdemlebeneinestaugenichts-7a77d;ausdemlebeneinestaugenichts-8ec6c;ausdemlebeneinestaugenichts-a0fe5;ausdemlebeneinestaugenichts-c4d78;ausdemlebeneinestaugenichts-ed816
199189,1788982087581,536cad72f0d438934c7721ef7ebdd8e5,P9uFq,reader_ausdemlebeneinestaugenichts,page230,leave,0.7951,58,ausdemlebeneinestaugenichts-060ca;ausdemlebeneinestaugenichts-2d7c0;ausdemlebeneinestaugenichts-4e2e7;ausdemlebeneinestaugenichts-64010;ausdemlebeneinestaugenichts-6913f;ausdemlebeneinestaugenichts-6adcd;ausdemlebeneinestaugenichts-71687;ausdemlebeneinestaugenichts-716f3;ausdemlebeneinestaugenichts-7a77d;ausdemlebeneinestaugenichts-8ec6c;ausdemlebeneinestaugenichts-a0fe5;ausdemlebeneinestaugenichts-c4d78;ausdemlebeneinestaugenichts-ed816
199190,1788982073687,536cad72f0d438934c7721ef7ebdd8e5,P9uFq,reader_ausdemlebeneinestaugenichts,page228,enter,0.7951,19,ausdemlebeneinestaugenichts-deb25
199191,1788982099338,536cad72f0d438934c7721ef7ebdd8e5,fys8I,second-menu,,enter,,0,
199192,1788982103686,536cad72f0d438934c7721ef7ebdd8e5,fys8I,reader_ausdemlebeneinestaugenichts,,enter,ausdemlebeneinestaugenichts,0,
199193,1788982103702,536cad72f0d438934c7721ef7ebdd8e5,fys8I,reader_ausdemlebeneinestaugenichts,page229,enter,0.7986,58,ausdemlebeneinestaugenichts-060ca;ausdemlebeneinestaugenichts-2d7c0;ausdemlebeneinestaugenichts-4e2e7;ausdemlebeneinestaugenichts-64010;ausdemlebeneinestaugenichts-6913f;ausdemlebeneinestaugenichts-6adcd;ausdemlebeneinestaugenichts-71687;ausdemlebeneinestaugenichts-716f3;ausdemlebeneinestaugenichts-7a77d;ausdemlebeneinestaugenichts-8ec6c;ausdemlebeneinestaugenichts-a0fe5;ausdemlebeneinestaugenichts-c4d78;ausdemlebeneinestaugenichts-ed816
199194,1788982121544,536cad72f0d438934c7721ef7ebdd8e5,fys8I,reader_ausdemlebeneinestaugenichts,page230,enter,0.8021,101,ausdemlebeneinestaugenichts-1c067;ausdemlebeneinestaugenichts-53274;ausdemlebeneinestaugenichts-6d7c8;ausdemlebeneinestaugenichts-960c8;ausdemlebeneinestaugenichts-bb417;ausdemlebeneinestaugenichts-d0e55;ausdemlebeneinestaugenichts-d7563
199195,1788982148912,536cad72f0d438934c7721ef7ebdd8e5,fys8I,reader_ausdemlebeneinestaugenichts,page231,enter,0.8056,112,ausdemlebeneinestaugenichts-037bf;ausdemlebeneinestaugenichts-37794;ausdemlebeneinestaugenichts-50b62;ausdemlebeneinestaugenichts-77cac;ausdemlebeneinestaugenichts-a1cce;ausdemlebeneinestaugenichts-d7563;ausdemlebeneinestaugenichts-f7971
199196,1788982181889,536cad72f0d438934c7721ef7ebdd8e5,fys8I,reader_ausdemlebeneinestaugenichts,page232,enter,0.809,110,ausdemlebeneinestaugenichts-07743;ausdemlebeneinestaugenichts-194a8;ausdemlebeneinestaugenichts-415b8;ausdemlebeneinestaugenichts-96daa;ausdemlebeneinestaugenichts-a1cce
199197,1788982205193,536cad72f0d438934c7721ef7ebdd8e5,fys8I,reader_ausdemlebeneinestaugenichts,page233,enter,0.8125,104,ausdemlebeneinestaugenichts-77fd6;ausdemlebeneinestaugenichts-96daa;ausdemlebeneinestaugenichts-f1471
199198,1788982233416,536cad72f0d438934c7721ef7ebdd8e5,fys8I,reader_ausdemlebeneinestaugenichts,page234,enter,0.816,106,ausdemlebeneinestaugenichts-2c9e1;ausdemlebeneinestaugenichts-442ba;ausdemlebeneinestaugenichts-48d04;ausdemlebeneinestaugenichts-86c45;ausdemlebeneinestaugenichts-8ed93;ausdemlebeneinestaugenichts-ae1c8;ausdemlebeneinestaugenichts-f1471
199199,1788982262340,536cad72f0d438934c7721ef7ebdd8e5,fys8I,reader_ausdemlebeneinestaugenichts,page235,enter,0.8194,103,ausdemlebeneinestaugenichts-1c219;ausdemlebeneinestaugenichts-3ac4e;ausdemlebeneinestaugenichts-4ee0d;ausdemlebeneinestaugenichts-558d9;ausdemlebeneinestaugenichts-65e55;ausdemlebeneinestaugenichts-ae1c8;ausdemlebeneinestaugenichts-c2f75;ausdemlebeneinestaugenichts-fbe7a
199200,1788982295650,536cad72f0d438934c7721ef7ebdd8e5,fys8I,reader_ausdemlebeneinestaugenichts,page236,enter,0.8229,114,ausdemlebeneinestaugenichts-0e0c2;ausdemlebeneinestaugenichts-37d72;ausdemlebeneinestaugenichts-37f4f;ausdemlebeneinestaugenichts-82171;ausdemlebeneinestaugenichts-c2f75;ausdemlebeneinestaugenichts-ccaf6;ausdemlebeneinestaugenichts-e600b;ausdemlebeneinestaugenichts-f91d8
199201,1788982314715,536cad72f0d438934c7721ef7ebdd8e5,fys8I,reader_ausdemlebeneinestaugenichts,page237,leave,0.8194,114,ausdemlebeneinestaugenichts-0e0c2;ausdemlebeneinestaugenichts-37d72;ausdemlebeneinestaugenichts-37f4f;ausdemlebeneinestaugenichts-82171;ausdemlebeneinestaugenichts-c2f75;ausdemlebeneinestaugenichts-ccaf6;ausdemlebeneinestaugenichts-e600b;ausdemlebeneinestaugenichts-f91d8
199202,1788982316330,536cad72f0d438934c7721ef7ebdd8e5,bqD0A,reader_ausdemlebeneinestaugenichts,page237,reenter,0.8194,114,ausdemlebeneinestaugenichts-0e0c2;ausdemlebeneinestaugenichts-37d72;ausdemlebeneinestaugenichts-37f4f;ausdemlebeneinestaugenichts-82171;ausdemlebeneinestaugenichts-c2f75;ausdemlebeneinestaugenichts-ccaf6;ausdemlebeneinestaugenichts-e600b;ausdemlebeneinestaugenichts-f91d8
199203,1788982330721,536cad72f0d438934c7721ef7ebdd8e5,bqD0A,reader_ausdemlebeneinestaugenichts,emotion,close,reject,0,
199204,1788982354562,536cad72f0d438934c7721ef7ebdd8e5,bqD0A,reader_ausdemlebeneinestaugenichts,page238,enter,0.8299,113,ausdemlebeneinestaugenichts-2545a;ausdemlebeneinestaugenichts-37b8e;ausdemlebeneinestaugenichts-7ec62
199205,1788982381520,536cad72f0d438934c7721ef7ebdd8e5,bqD0A,reader_ausdemlebeneinestaugenichts,page239,enter,0.8333,114,ausdemlebeneinestaugenichts-29d9e;ausdemlebeneinestaugenichts-37b8e;ausdemlebeneinestaugenichts-3ee90;ausdemlebeneinestaugenichts-80f4a;ausdemlebeneinestaugenichts-a4998;ausdemlebeneinestaugenichts-ecf5c
199206,1788982406452,536cad72f0d438934c7721ef7ebdd8e5,bqD0A,reader_ausdemlebeneinestaugenichts,page240,enter,0.8368,106,ausdemlebeneinestaugenichts-6b98a;ausdemlebeneinestaugenichts-a00f6;ausdemlebeneinestaugenichts-a4998
199207,1788982439363,536cad72f0d438934c7721ef7ebdd8e5,bqD0A,reader_ausdemlebeneinestaugenichts,page241,enter,0.8403,109,ausdemlebeneinestaugenichts-1ac4a;ausdemlebeneinestaugenichts-2b0f6;ausdemlebeneinestaugenichts-9b3fa;ausdemlebeneinestaugenichts-a00f6;ausdemlebeneinestaugenichts-c06ef;ausdemlebeneinestaugenichts-cf77a
199208,1788982477238,536cad72f0d438934c7721ef7ebdd8e5,bqD0A,reader_ausdemlebeneinestaugenichts,page242,enter,0.8438,108,ausdemlebeneinestaugenichts-31ab3;ausdemlebeneinestaugenichts-46063;ausdemlebeneinestaugenichts-6098f;ausdemlebeneinestaugenichts-7f3c5;ausdemlebeneinestaugenichts-cf77a
199209,1788982509551,536cad72f0d438934c7721ef7ebdd8e5,bqD0A,reader_ausdemlebeneinestaugenichts,page243,enter,0.8472,115,ausdemlebeneinestaugenichts-1152c;ausdemlebeneinestaugenichts-6098f;ausdemlebeneinestaugenichts-7125a;ausdemlebeneinestaugenichts-7422a;ausdemlebeneinestaugenichts-84047;ausdemlebeneinestaugenichts-87708;ausdemlebeneinestaugenichts-c9d06;ausdemlebeneinestaugenichts-d1efc;ausdemlebeneinestaugenichts-d5e0c
199210,1788982534510,536cad72f0d438934c7721ef7ebdd8e5,bqD0A,reader_ausdemlebeneinestaugenichts,page244,enter,0.8507,97,ausdemlebeneinestaugenichts-232fd;ausdemlebeneinestaugenichts-5367b;ausdemlebeneinestaugenichts-814f4;ausdemlebeneinestaugenichts-c3f8a;ausdemlebeneinestaugenichts-c9d06
199211,1788982561970,536cad72f0d438934c7721ef7ebdd8e5,bqD0A,reader_ausdemlebeneinestaugenichts,page245,enter,0.8542,97,ausdemlebeneinestaugenichts-119e5;ausdemlebeneinestaugenichts-2cbbd;ausdemlebeneinestaugenichts-5367b;ausdemlebeneinestaugenichts-7ad5b;ausdemlebeneinestaugenichts-f6afc
199212,1788982572817,536cad72f0d438934c7721ef7ebdd8e5,bqD0A,reader_ausdemlebeneinestaugenichts,page246,enter,0.8576,103,ausdemlebeneinestaugenichts-19fb5;ausdemlebeneinestaugenichts-7ad5b;ausdemlebeneinestaugenichts-b7f1f;ausdemlebeneinestaugenichts-b9b86
199213,1788982590193,536cad72f0d438934c7721ef7ebdd8e5,bqD0A,reader_ausdemlebeneinestaugenichts,page247,enter,0.8611,115,ausdemlebeneinestaugenichts-19fb5;ausdemlebeneinestaugenichts-53e90;ausdemlebeneinestaugenichts-81b78;ausdemlebeneinestaugenichts-ba9d3
199214,1788982630895,536cad72f0d438934c7721ef7ebdd8e5,bqD0A,reader_ausdemlebeneinestaugenichts,page248,enter,0.8646,112,ausdemlebeneinestaugenichts-649ed;ausdemlebeneinestaugenichts-6660c;ausdemlebeneinestaugenichts-71b38;ausdemlebeneinestaugenichts-81b78;ausdemlebeneinestaugenichts-ad043;ausdemlebeneinestaugenichts-cf624
199215,1788982653590,536cad72f0d438934c7721ef7ebdd8e5,bqD0A,reader_ausdemlebeneinestaugenichts,page249,enter,0.8681,110,ausdemlebeneinestaugenichts-1d478;ausdemlebeneinestaugenichts-68726;ausdemlebeneinestaugenichts-7f7dc;ausdemlebeneinestaugenichts-ad043
199216,1788982678885,536cad72f0d438934c7721ef7ebdd8e5,bqD0A,reader_ausdemlebeneinestaugenichts,page250,enter,0.8715,110,ausdemlebeneinestaugenichts-77ea4;ausdemlebeneinestaugenichts-7c2a5;ausdemlebeneinestaugenichts-7f7dc;ausdemlebeneinestaugenichts-86a2f;ausdemlebeneinestaugenichts-98642;ausdemlebeneinestaugenichts-cfe3d
199217,1788982720144,536cad72f0d438934c7721ef7ebdd8e5,bqD0A,reader_ausdemlebeneinestaugenichts,page251,enter,0.875,106,ausdemlebeneinestaugenichts-1f984;ausdemlebeneinestaugenichts-45e82;ausdemlebeneinestaugenichts-4865b;ausdemlebeneinestaugenichts-77ea4;ausdemlebeneinestaugenichts-ff63f
199218,1788982738139,536cad72f0d438934c7721ef7ebdd8e5,bqD0A,reader_ausdemlebeneinestaugenichts,page252,enter,0.8785,112,ausdemlebeneinestaugenichts-18cd5;ausdemlebeneinestaugenichts-2f120;ausdemlebeneinestaugenichts-4865b;ausdemlebeneinestaugenichts-700ec;ausdemlebeneinestaugenichts-e817e;ausdemlebeneinestaugenichts-ef0f8
199219,1788982763202,536cad72f0d438934c7721ef7ebdd8e5,bqD0A,reader_ausdemlebeneinestaugenichts,page253,enter,0.8819,115,ausdemlebeneinestaugenichts-18cd5;ausdemlebeneinestaugenichts-425e7;ausdemlebeneinestaugenichts-43ef0;ausdemlebeneinestaugenichts-4bbe1;ausdemlebeneinestaugenichts-65fe6;ausdemlebeneinestaugenichts-71236;ausdemlebeneinestaugenichts-73c45;ausdemlebeneinestaugenichts-a4353;ausdemlebeneinestaugenichts-b38e1;ausdemlebeneinestaugenichts-b5e75;ausdemlebeneinestaugenichts-c67d5
199220,1788982792062,536cad72f0d438934c7721ef7ebdd8e5,bqD0A,reader_ausdemlebeneinestaugenichts,page254,enter,0.8854,120,ausdemlebeneinestaugenichts-2f736;ausdemlebeneinestaugenichts-4ac90;ausdemlebeneinestaugenichts-4bbe1;ausdemlebeneinestaugenichts-4d629;ausdemlebeneinestaugenichts-6f99e;ausdemlebeneinestaugenichts-b350d
199221,1788982816756,536cad72f0d438934c7721ef7ebdd8e5,bqD0A,reader_ausdemlebeneinestaugenichts,page255,enter,0.8889,123,ausdemlebeneinestaugenichts-1065a;ausdemlebeneinestaugenichts-15f66;ausdemlebeneinestaugenichts-2a855;ausdemlebeneinestaugenichts-33b49;ausdemlebeneinestaugenichts-6f99e;ausdemlebeneinestaugenichts-78556;ausdemlebeneinestaugenichts-9a62f;ausdemlebeneinestaugenichts-cc409
199222,1788982840690,536cad72f0d438934c7721ef7ebdd8e5,bqD0A,reader_ausdemlebeneinestaugenichts,page256,enter,0.8924,100,ausdemlebeneinestaugenichts-72740;ausdemlebeneinestaugenichts-b19a5;ausdemlebeneinestaugenichts-cc409;ausdemlebeneinestaugenichts-fedfe
199223,1788982864252,536cad72f0d438934c7721ef7ebdd8e5,bqD0A,reader_ausdemlebeneinestaugenichts,page257,enter,0.8958,101,ausdemlebeneinestaugenichts-4cea1;ausdemlebeneinestaugenichts-660e2;ausdemlebeneinestaugenichts-9a13f;ausdemlebeneinestaugenichts-fedfe
199224,1788982893144,536cad72f0d438934c7721ef7ebdd8e5,bqD0A,reader_ausdemlebeneinestaugenichts,page258,enter,0.8993,79,ausdemlebeneinestaugenichts-1d137;ausdemlebeneinestaugenichts-20fc7;ausdemlebeneinestaugenichts-2e75d;ausdemlebeneinestaugenichts-3b3a2;ausdemlebeneinestaugenichts-680dc;ausdemlebeneinestaugenichts-6c809;ausdemlebeneinestaugenichts-70759;ausdemlebeneinestaugenichts-74c20;ausdemlebeneinestaugenichts-8bd31;ausdemlebeneinestaugenichts-9af28;ausdemlebeneinestaugenichts-b3d5a;ausdemlebeneinestaugenichts-b7353;ausdemlebeneinestaugenichts-b98e6;ausdemlebeneinestaugenichts-cdbb9;ausdemlebeneinestaugenichts-d4ade;ausdemlebeneinestaugenichts-dbbf1;ausdemlebeneinestaugenichts-dbec7;ausdemlebeneinestaugenichts-de178;ausdemlebeneinestaugenichts-e5117;ausdemlebeneinestaugenichts-ec67b;ausdemlebeneinestaugenichts-f50d1
199225,1788982923165,536cad72f0d438934c7721ef7ebdd8e5,bqD0A,reader_ausdemlebeneinestaugenichts,page259,enter,0.9028,87,ausdemlebeneinestaugenichts-0c248;ausdemlebeneinestaugenichts-1b6af;ausdemlebeneinestaugenichts-1d84e;ausdemlebeneinestaugenichts-27feb;ausdemlebeneinestaugenichts-2c519;ausdemlebeneinestaugenichts-390cb;ausdemlebeneinestaugenichts-3b5f1;ausdemlebeneinestaugenichts-576a6;ausdemlebeneinestaugenichts-5b908;ausdemlebeneinestaugenichts-6bbae;ausdemlebeneinestaugenichts-810ae;ausdemlebeneinestaugenichts-c008b;ausdemlebeneinestaugenichts-e5ba7
199226,1788982942255,536cad72f0d438934c7721ef7ebdd8e5,bqD0A,reader_ausdemlebeneinestaugenichts,page260,leave,0.8993,87,ausdemlebeneinestaugenichts-0c248;ausdemlebeneinestaugenichts-1b6af;ausdemlebeneinestaugenichts-1d84e;ausdemlebeneinestaugenichts-27feb;ausdemlebeneinestaugenichts-2c519;ausdemlebeneinestaugenichts-390cb;ausdemlebeneinestaugenichts-3b5f1;ausdemlebeneinestaugenichts-576a6;ausdemlebeneinestaugenichts-5b908;ausdemlebeneinestaugenichts-6bbae;ausdemlebeneinestaugenichts-810ae;ausdemlebeneinestaugenichts-c008b;ausdemlebeneinestaugenichts-e5ba7
199227,1788982945827,536cad72f0d438934c7721ef7ebdd8e5,Kmi1L,reader_ausdemlebeneinestaugenichts,page260,reenter,0.8993,87,ausdemlebeneinestaugenichts-0c248;ausdemlebeneinestaugenichts-1b6af;ausdemlebeneinestaugenichts-1d84e;ausdemlebeneinestaugenichts-27feb;ausdemlebeneinestaugenichts-2c519;ausdemlebeneinestaugenichts-390cb;ausdemlebeneinestaugenichts-3b5f1;ausdemlebeneinestaugenichts-576a6;ausdemlebeneinestaugenichts-5b908;ausdemlebeneinestaugenichts-6bbae;ausdemlebeneinestaugenichts-810ae;ausdemlebeneinestaugenichts-c008b;ausdemlebeneinestaugenichts-e5ba7
199228,1788982961892,536cad72f0d438934c7721ef7ebdd8e5,Kmi1L,second-menu,,enter,,0,
199229,1788982963702,536cad72f0d438934c7721ef7ebdd8e5,Kmi1L,reader_ausdemlebeneinestaugenichts,,enter,ausdemlebeneinestaugenichts,0,
199230,1788982963722,536cad72f0d438934c7721ef7ebdd8e5,Kmi1L,reader_ausdemlebeneinestaugenichts,page260,enter,0.9063,102,ausdemlebeneinestaugenichts-6977c;ausdemlebeneinestaugenichts-9b77f;ausdemlebeneinestaugenichts-a1a3d;ausdemlebeneinestaugenichts-aa4af;ausdemlebeneinestaugenichts-e0ea0;ausdemlebeneinestaugenichts-efa0e
199231,1788982977258,536cad72f0d438934c7721ef7ebdd8e5,Kmi1L,reader_ausdemlebeneinestaugenichts,page261,enter,0.9097,102,ausdemlebeneinestaugenichts-3403b;ausdemlebeneinestaugenichts-69a70;ausdemlebeneinestaugenichts-7605f;ausdemlebeneinestaugenichts-aa4af
199232,1788982999254,536cad72f0d438934c7721ef7ebdd8e5,Kmi1L,reader_ausdemlebeneinestaugenichts,page262,enter,0.9132,117,ausdemlebeneinestaugenichts-3403b;ausdemlebeneinestaugenichts-354e5;ausdemlebeneinestaugenichts-3e3d1;ausdemlebeneinestaugenichts-cc955;ausdemlebeneinestaugenichts-f218d
199233,1788983043822,536cad72f0d438934c7721ef7ebdd8e5,Kmi1L,reader_ausdemlebeneinestaugenichts,page263,enter,0.9167,117,ausdemlebeneinestaugenichts-354e5;ausdemlebeneinestaugenichts-5b4a4;ausdemlebeneinestaugenichts-a07f8;ausdemlebeneinestaugenichts-c45ff
199234,1788983071448,536cad72f0d438934c7721ef7ebdd8e5,Kmi1L,reader_ausdemlebeneinestaugenichts,page264,enter,0.9201,77,ausdemlebeneinestaugenichts-45aaa-2;ausdemlebeneinestaugenichts-4cdc6;ausdemlebeneinestaugenichts-6f24d-2;ausdemlebeneinestaugenichts-7833f-2;ausdemlebeneinestaugenichts-81958;ausdemlebeneinestaugenichts-89311;ausdemlebeneinestaugenichts-adb3e-2;ausdemlebeneinestaugenichts-b9512;ausdemlebeneinestaugenichts-c45ff
199235,1788983088522,536cad72f0d438934c7721ef7ebdd8e5,Kmi1L,reader_ausdemlebeneinestaugenichts,page265,enter,0.9236,99,ausdemlebeneinestaugenichts-5996f;ausdemlebeneinestaugenichts-5db3c-2;ausdemlebeneinestaugenichts-6809f;ausdemlebeneinestaugenichts-6aab9-2;ausdemlebeneinestaugenichts-7294d;ausdemlebeneinestaugenichts-9f91a;ausdemlebeneinestaugenichts-e6f03;ausdemlebeneinestaugenichts-fd980
199236,1788983105064,536cad72f0d438934c7721ef7ebdd8e5,Kmi1L,reader_ausdemlebeneinestaugenichts,page266,enter,0.9271,117,ausdemlebeneinestaugenichts-43e02;ausdemlebeneinestaugenichts-6809f;ausdemlebeneinestaugenichts-be443;ausdemlebeneinestaugenichts-fb8d6
199237,1788983129093,536cad72f0d438934c7721ef7ebdd8e5,Kmi1L,reader_ausdemlebeneinestaugenichts,page267,enter,0.9306,109,ausdemlebeneinestaugenichts-12bf1;ausdemlebeneinestaugenichts-2f7a4;ausdemlebeneinestaugenichts-95032;ausdemlebeneinestaugenichts-a2ed5;ausdemlebeneinestaugenichts-b251d;ausdemlebeneinestaugenichts-fb8d6
199238,1788983149130,536cad72f0d438934c7721ef7ebdd8e5,Kmi1L,reader_ausdemlebeneinestaugenichts,page268,enter,0.934,86,ausdemlebeneinestaugenichts-14519;ausdemlebeneinestaugenichts-29297;ausdemlebeneinestaugenichts-3232a;ausdemlebeneinestaugenichts-62d07;ausdemlebeneinestaugenichts-71716;ausdemlebeneinestaugenichts-95032;ausdemlebeneinestaugenichts-adaca;ausdemlebeneinestaugenichts-b30cf;ausdemlebeneinestaugenichts-caf60;ausdemlebeneinestaugenichts-e3eb6;ausdemlebeneinestaugenichts-fafe7;ausdemlebeneinestaugenichts-fb89f
199239,1788983169865,536cad72f0d438934c7721ef7ebdd8e5,Kmi1L,reader_ausdemlebeneinestaugenichts,page269,enter,0.9375,105,ausdemlebeneinestaugenichts-192bb;ausdemlebeneinestaugenichts-54c04;ausdemlebeneinestaugenichts-7b23c;ausdemlebeneinestaugenichts-fafe7
199240,1788983198555,536cad72f0d438934c7721ef7ebdd8e5,Kmi1L,reader_ausdemlebeneinestaugenichts,page270,enter,0.941,107,ausdemlebeneinestaugenichts-192bb;ausdemlebeneinestaugenichts-1d989;ausdemlebeneinestaugenichts-2c8a0;ausdemlebeneinestaugenichts-57a48;ausdemlebeneinestaugenichts-815c1;ausdemlebeneinestaugenichts-f24c2
199241,1788983233274,536cad72f0d438934c7721ef7ebdd8e5,Kmi1L,reader_ausdemlebeneinestaugenichts,page271,enter,0.9444,110,ausdemlebeneinestaugenichts-034dd;ausdemlebeneinestaugenichts-0aa43;ausdemlebeneinestaugenichts-815c1;ausdemlebeneinestaugenichts-c008f
199242,1788983257062,536cad72f0d438934c7721ef7ebdd8e5,Kmi1L,reader_ausdemlebeneinestaugenichts,page272,leave,0.941,110,ausdemlebeneinestaugenichts-034dd;ausdemlebeneinestaugenichts-0aa43;ausdemlebeneinestaugenichts-815c1;ausdemlebeneinestaugenichts-c008f
199243,1788983267037,536cad72f0d438934c7721ef7ebdd8e5,tXLSZ,reader_ausdemlebeneinestaugenichts,page272,reenter,0.941,110,ausdemlebeneinestaugenichts-034dd;ausdemlebeneinestaugenichts-0aa43;ausdemlebeneinestaugenichts-815c1;ausdemlebeneinestaugenichts-c008f
199244,1788983257062,536cad72f0d438934c7721ef7ebdd8e5,Kmi1L,reader_ausdemlebeneinestaugenichts,page272,leave,0.941,110,ausdemlebeneinestaugenichts-034dd;ausdemlebeneinestaugenichts-0aa43;ausdemlebeneinestaugenichts-815c1;ausdemlebeneinestaugenichts-c008f
199245,1788983272123,536cad72f0d438934c7721ef7ebdd8e5,tXLSZ,reader_ausdemlebeneinestaugenichts,page272,leave,0.941,110,ausdemlebeneinestaugenichts-034dd;ausdemlebeneinestaugenichts-0aa43;ausdemlebeneinestaugenichts-815c1;ausdemlebeneinestaugenichts-c008f
199246,1788983275138,536cad72f0d438934c7721ef7ebdd8e5,8oO1X,reader_ausdemlebeneinestaugenichts,page272,reenter,0.941,110,ausdemlebeneinestaugenichts-034dd;ausdemlebeneinestaugenichts-0aa43;ausdemlebeneinestaugenichts-815c1;ausdemlebeneinestaugenichts-c008f
199247,1788983286679,536cad72f0d438934c7721ef7ebdd8e5,8oO1X,reader_ausdemlebeneinestaugenichts,page272,leave,0.941,110,ausdemlebeneinestaugenichts-034dd;ausdemlebeneinestaugenichts-0aa43;ausdemlebeneinestaugenichts-815c1;ausdemlebeneinestaugenichts-c008f
199248,1788983291801,536cad72f0d438934c7721ef7ebdd8e5,H7PfF,reader_ausdemlebeneinestaugenichts,page272,reenter,0.941,110,ausdemlebeneinestaugenichts-034dd;ausdemlebeneinestaugenichts-0aa43;ausdemlebeneinestaugenichts-815c1;ausdemlebeneinestaugenichts-c008f
199249,1788983314716,536cad72f0d438934c7721ef7ebdd8e5,H7PfF,reader_ausdemlebeneinestaugenichts,page273,enter,0.9514,110,ausdemlebeneinestaugenichts-1d677;ausdemlebeneinestaugenichts-2d385;ausdemlebeneinestaugenichts-487ad;ausdemlebeneinestaugenichts-8ff8c;ausdemlebeneinestaugenichts-9bcdd;ausdemlebeneinestaugenichts-9de39;ausdemlebeneinestaugenichts-cb5f2;ausdemlebeneinestaugenichts-cf511;ausdemlebeneinestaugenichts-ecf8d;ausdemlebeneinestaugenichts-f1042
199250,1788983315745,536cad72f0d438934c7721ef7ebdd8e5,H7PfF,reader_ausdemlebeneinestaugenichts,emotion,close,reject,0,
199251,1788983341229,536cad72f0d438934c7721ef7ebdd8e5,H7PfF,reader_ausdemlebeneinestaugenichts,page274,enter,0.9549,105,ausdemlebeneinestaugenichts-5133a;ausdemlebeneinestaugenichts-66641;ausdemlebeneinestaugenichts-7dce6;ausdemlebeneinestaugenichts-80961;ausdemlebeneinestaugenichts-8a2de;ausdemlebeneinestaugenichts-8be32;ausdemlebeneinestaugenichts-8c36f;ausdemlebeneinestaugenichts-8ff8c;ausdemlebeneinestaugenichts-9fa58;ausdemlebeneinestaugenichts-df6d9
199252,1788983363861,536cad72f0d438934c7721ef7ebdd8e5,H7PfF,reader_ausdemlebeneinestaugenichts,page275,enter,0.9583,118,ausdemlebeneinestaugenichts-77cdd;ausdemlebeneinestaugenichts-7ee8c;ausdemlebeneinestaugenichts-80961
199253,1788983387927,536cad72f0d438934c7721ef7ebdd8e5,H7PfF,reader_ausdemlebeneinestaugenichts,page276,enter,0.9618,120,ausdemlebeneinestaugenichts-1086d;ausdemlebeneinestaugenichts-12fb4;ausdemlebeneinestaugenichts-66313;ausdemlebeneinestaugenichts-77cdd;ausdemlebeneinestaugenichts-9d39f;ausdemlebeneinestaugenichts-9d929;ausdemlebeneinestaugenichts-aadf0;ausdemlebeneinestaugenichts-e80fe
199254,1788983418475,536cad72f0d438934c7721ef7ebdd8e5,H7PfF,reader_ausdemlebeneinestaugenichts,page277,enter,0.9653,110,ausdemlebeneinestaugenichts-067fc;ausdemlebeneinestaugenichts-0ec39;ausdemlebeneinestaugenichts-1f827;ausdemlebeneinestaugenichts-4838d;ausdemlebeneinestaugenichts-4931f;ausdemlebeneinestaugenichts-66313;ausdemlebeneinestaugenichts-992cf
199255,1788983450357,536cad72f0d438934c7721ef7ebdd8e5,H7PfF,reader_ausdemlebeneinestaugenichts,page278,enter,0.9688,121,ausdemlebeneinestaugenichts-4838d;ausdemlebeneinestaugenichts-540b0;ausdemlebeneinestaugenichts-6b6aa;ausdemlebeneinestaugenichts-8e86a;ausdemlebeneinestaugenichts-99bb1;ausdemlebeneinestaugenichts-b6b1f;ausdemlebeneinestaugenichts-db4b3
199256,1788983476882,536cad72f0d438934c7721ef7ebdd8e5,H7PfF,reader_ausdemlebeneinestaugenichts,page279,enter,0.9722,108,ausdemlebeneinestaugenichts-1ac28;ausdemlebeneinestaugenichts-64c95;ausdemlebeneinestaugenichts-ac628;ausdemlebeneinestaugenichts-b6b1f
199257,1788983494818,536cad72f0d438934c7721ef7ebdd8e5,H7PfF,reader_ausdemlebeneinestaugenichts,page280,leave,0.9688,108,ausdemlebeneinestaugenichts-1ac28;ausdemlebeneinestaugenichts-64c95;ausdemlebeneinestaugenichts-ac628;ausdemlebeneinestaugenichts-b6b1f
199258,1788983496724,536cad72f0d438934c7721ef7ebdd8e5,kLVT8,reader_ausdemlebeneinestaugenichts,page280,reenter,0.9688,108,ausdemlebeneinestaugenichts-1ac28;ausdemlebeneinestaugenichts-64c95;ausdemlebeneinestaugenichts-ac628;ausdemlebeneinestaugenichts-b6b1f
199259,1788983548108,536cad72f0d438934c7721ef7ebdd8e5,kLVT8,reader_ausdemlebeneinestaugenichts,page281,enter,0.9792,108,ausdemlebeneinestaugenichts-1a415;ausdemlebeneinestaugenichts-22e38;ausdemlebeneinestaugenichts-36d43;ausdemlebeneinestaugenichts-c0309;ausdemlebeneinestaugenichts-d7d4d
199260,1788983606126,536cad72f0d438934c7721ef7ebdd8e5,kLVT8,reader_ausdemlebeneinestaugenichts,page283,enter,0.9861,127,ausdemlebeneinestaugenichts-13b3a;ausdemlebeneinestaugenichts-1a5be;ausdemlebeneinestaugenichts-55a5f;ausdemlebeneinestaugenichts-824f6;ausdemlebeneinestaugenichts-84dbe;ausdemlebeneinestaugenichts-85e10;ausdemlebeneinestaugenichts-b81f4;ausdemlebeneinestaugenichts-be0fd;ausdemlebeneinestaugenichts-c356f;ausdemlebeneinestaugenichts-d6137;ausdemlebeneinestaugenichts-eba8f
199261,1788983632479,536cad72f0d438934c7721ef7ebdd8e5,kLVT8,reader_ausdemlebeneinestaugenichts,page284,enter,0.9896,118,ausdemlebeneinestaugenichts-1a5be;ausdemlebeneinestaugenichts-26037;ausdemlebeneinestaugenichts-2a0fd;ausdemlebeneinestaugenichts-3a0f4;ausdemlebeneinestaugenichts-9d333;ausdemlebeneinestaugenichts-b2910;ausdemlebeneinestaugenichts-c09d5;ausdemlebeneinestaugenichts-c1b20;ausdemlebeneinestaugenichts-c9377;ausdemlebeneinestaugenichts-f8218
199262,1788983578729,536cad72f0d438934c7721ef7ebdd8e5,kLVT8,reader_ausdemlebeneinestaugenichts,page282,enter,0.9826,123,ausdemlebeneinestaugenichts-36d43;ausdemlebeneinestaugenichts-55a5f;ausdemlebeneinestaugenichts-86936;ausdemlebeneinestaugenichts-8b48e;ausdemlebeneinestaugenichts-ba74f;ausdemlebeneinestaugenichts-e2be0
199263,1788983661968,536cad72f0d438934c7721ef7ebdd8e5,kLVT8,reader_ausdemlebeneinestaugenichts,page285,enter,0.9931,113,ausdemlebeneinestaugenichts-3ec58;ausdemlebeneinestaugenichts-9d333;ausdemlebeneinestaugenichts-cc42c;ausdemlebeneinestaugenichts-ec112;ausdemlebeneinestaugenichts-f55de
199264,1788983703444,536cad72f0d438934c7721ef7ebdd8e5,kLVT8,reader_ausdemlebeneinestaugenichts,page286,enter,0.9965,120,ausdemlebeneinestaugenichts-04b86;ausdemlebeneinestaugenichts-069f3;ausdemlebeneinestaugenichts-07654;ausdemlebeneinestaugenichts-3ec58;ausdemlebeneinestaugenichts-760d2;ausdemlebeneinestaugenichts-cbcf0;ausdemlebeneinestaugenichts-df88f
199265,1788983727865,536cad72f0d438934c7721ef7ebdd8e5,kLVT8,reader_ausdemlebeneinestaugenichts,page287,enter,1,116,ausdemlebeneinestaugenichts-04b86;ausdemlebeneinestaugenichts-28a0b;ausdemlebeneinestaugenichts-441c2;ausdemlebeneinestaugenichts-624b5;ausdemlebeneinestaugenichts-6379a;ausdemlebeneinestaugenichts-6d646;ausdemlebeneinestaugenichts-d07d7
199266,1788983761733,536cad72f0d438934c7721ef7ebdd8e5,kLVT8,reader_ausdemlebeneinestaugenichts,page288,enter,1.0035,15,ausdemlebeneinestaugenichts-6379a
199267,1788983763389,536cad72f0d438934c7721ef7ebdd8e5,kLVT8,reader_ausdemlebeneinestaugenichts,rating,close,reject,0,
199268,1788983767608,536cad72f0d438934c7721ef7ebdd8e5,kLVT8,reader_ausdemlebeneinestaugenichts,page287,enter,1,116,ausdemlebeneinestaugenichts-04b86;ausdemlebeneinestaugenichts-28a0b;ausdemlebeneinestaugenichts-441c2;ausdemlebeneinestaugenichts-624b5;ausdemlebeneinestaugenichts-6379a;ausdemlebeneinestaugenichts-6d646;ausdemlebeneinestaugenichts-d07d7
199269,1788983776257,536cad72f0d438934c7721ef7ebdd8e5,kLVT8,reader_ausdemlebeneinestaugenichts,page288,enter,1.0035,15,ausdemlebeneinestaugenichts-6379a
199270,1788983778153,536cad72f0d438934c7721ef7ebdd8e5,kLVT8,reader_ausdemlebeneinestaugenichts,page287,enter,1,116,ausdemlebeneinestaugenichts-04b86;ausdemlebeneinestaugenichts-28a0b;ausdemlebeneinestaugenichts-441c2;ausdemlebeneinestaugenichts-624b5;ausdemlebeneinestaugenichts-6379a;ausdemlebeneinestaugenichts-6d646;ausdemlebeneinestaugenichts-d07d7
199271,1788983778918,536cad72f0d438934c7721ef7ebdd8e5,kLVT8,reader_ausdemlebeneinestaugenichts,page288,enter,1.0035,15,ausdemlebeneinestaugenichts-6379a
199272,1788983789311,536cad72f0d438934c7721ef7ebdd8e5,kLVT8,reader_ausdemlebeneinestaugenichts,page289,leave,1,15,ausdemlebeneinestaugenichts-6379a
199273,1788984651261,536cad72f0d438934c7721ef7ebdd8e5,cFYnm,start,,enter,,0,
199274,1788984651272,536cad72f0d438934c7721ef7ebdd8e5,cFYnm,reader_ausdemlebeneinestaugenichts,,enter,ausdemlebeneinestaugenichts,0,
199275,1788984652902,536cad72f0d438934c7721ef7ebdd8e5,cFYnm,reader_ausdemlebeneinestaugenichts,page287,enter,1,116,ausdemlebeneinestaugenichts-04b86;ausdemlebeneinestaugenichts-28a0b;ausdemlebeneinestaugenichts-441c2;ausdemlebeneinestaugenichts-624b5;ausdemlebeneinestaugenichts-6379a;ausdemlebeneinestaugenichts-6d646;ausdemlebeneinestaugenichts-d07d7
199276,1788984656506,536cad72f0d438934c7721ef7ebdd8e5,cFYnm,ueber-textauswahl,,enter,,0,
199277,1788984658890,536cad72f0d438934c7721ef7ebdd8e5,cFYnm,reader_ausdemlebeneinestaugenichts,,enter,ausdemlebeneinestaugenichts,0,
199278,1788984658910,536cad72f0d438934c7721ef7ebdd8e5,cFYnm,reader_ausdemlebeneinestaugenichts,page287,enter,1,116,ausdemlebeneinestaugenichts-04b86;ausdemlebeneinestaugenichts-28a0b;ausdemlebeneinestaugenichts-441c2;ausdemlebeneinestaugenichts-624b5;ausdemlebeneinestaugenichts-6379a;ausdemlebeneinestaugenichts-6d646;ausdemlebeneinestaugenichts-d07d7
199279,1788984660420,536cad72f0d438934c7721ef7ebdd8e5,cFYnm,reader_ausdemlebeneinestaugenichts,page288,enter,1.0035,15,ausdemlebeneinestaugenichts-6379a
199280,1788984662316,536cad72f0d438934c7721ef7ebdd8e5,cFYnm,home,,enter,,0,
199281,1788984663827,536cad72f0d438934c7721ef7ebdd8e5,cFYnm,zu-den-texten,,enter,,0,
199282,1788984689280,536cad72f0d438934c7721ef7ebdd8e5,cFYnm,titelblatt_effibriest,,enter,effibriest,0,
199283,1788984691255,536cad72f0d438934c7721ef7ebdd8e5,cFYnm,warum-lesen-wir_effibriest,,enter,effibriest,0,
199284,1788984695308,536cad72f0d438934c7721ef7ebdd8e5,cFYnm,titelblatt_effibriest,,enter,effibriest,0,
199285,1788984695908,536cad72f0d438934c7721ef7ebdd8e5,cFYnm,zu-den-texten,,enter,,0,
199286,1788984707997,536cad72f0d438934c7721ef7ebdd8e5,cFYnm,titelblatt_fausti,,enter,fausti,0,
199287,1788984709391,536cad72f0d438934c7721ef7ebdd8e5,cFYnm,warum-lesen-wir_fausti,,enter,fausti,0,
199288,1788984726084,536cad72f0d438934c7721ef7ebdd8e5,cFYnm,titelblatt_fausti,,enter,fausti,0,
199289,1788984726989,536cad72f0d438934c7721ef7ebdd8e5,cFYnm,reader_fausti,,enter,fausti,0,
199290,1788984739388,536cad72f0d438934c7721ef7ebdd8e5,cFYnm,second-menu,,enter,,0,
199291,1788984741195,536cad72f0d438934c7721ef7ebdd8e5,cFYnm,reader_fausti,,enter,fausti,0,
199292,1788984741236,536cad72f0d438934c7721ef7ebdd8e5,cFYnm,reader_fausti,page1,enter,0.0018,50,fausti-1176f;fausti-36c63;fausti-3aa85;fausti-3def5;fausti-54c9f;fausti-55f52;fausti-60a27;fausti-6107e;fausti-796f7;fausti-7c2e1;fausti-df97b;fausti-f0299
199293,1788984742566,536cad72f0d438934c7721ef7ebdd8e5,cFYnm,reader_fausti,location,close,reject,0,
199294,1788984744889,536cad72f0d438934c7721ef7ebdd8e5,cFYnm,home,,enter,,0,
199295,1788984746424,536cad72f0d438934c7721ef7ebdd8e5,cFYnm,zu-den-texten,,enter,,0,
199296,1788984804217,536cad72f0d438934c7721ef7ebdd8e5,cFYnm,titelblatt_lucinde,,enter,lucinde,0,
199297,1788984805176,536cad72f0d438934c7721ef7ebdd8e5,cFYnm,warum-lesen-wir_lucinde,,enter,lucinde,0,
199298,1788984821349,536cad72f0d438934c7721ef7ebdd8e5,cFYnm,titelblatt_lucinde,,enter,lucinde,0,
199299,1788984822429,536cad72f0d438934c7721ef7ebdd8e5,cFYnm,zu-den-texten,,enter,,0,
199300,1788984839444,536cad72f0d438934c7721ef7ebdd8e5,cFYnm,titelblatt_sonetteanorpheus,,enter,sonetteanorpheus,0,
199301,1788984840529,536cad72f0d438934c7721ef7ebdd8e5,cFYnm,warum-lesen-wir_sonetteanorpheus,,enter,sonetteanorpheus,0,
199302,1788984851835,536cad72f0d438934c7721ef7ebdd8e5,cFYnm,titelblatt_sonetteanorpheus,,enter,sonetteanorpheus,0,
199303,1788984852655,536cad72f0d438934c7721ef7ebdd8e5,cFYnm,reader_sonetteanorpheus,,enter,sonetteanorpheus,0,
199304,1788984860745,536cad72f0d438934c7721ef7ebdd8e5,cFYnm,reader_sonetteanorpheus,page2,enter,0.027,30,sonetteanorpheus-2ebed;sonetteanorpheus-5d721;sonetteanorpheus-5ddf1;sonetteanorpheus-66584;sonetteanorpheus-92647;sonetteanorpheus-bd459
199305,1788984861028,536cad72f0d438934c7721ef7ebdd8e5,cFYnm,reader_sonetteanorpheus,location,close,reject,0,
199306,1788984862533,536cad72f0d438934c7721ef7ebdd8e5,cFYnm,home,,enter,,0,
199307,1788984863607,536cad72f0d438934c7721ef7ebdd8e5,cFYnm,zu-den-texten,,enter,,0,
199308,1788984875253,536cad72f0d438934c7721ef7ebdd8e5,cFYnm,titelblatt_dieruber,,enter,dieruber,0,
199309,1788984876347,536cad72f0d438934c7721ef7ebdd8e5,cFYnm,warum-lesen-wir_dieruber,,enter,dieruber,0,
199310,1788984896266,536cad72f0d438934c7721ef7ebdd8e5,cFYnm,titelblatt_dieruber,,enter,dieruber,0,
199311,1788984896977,536cad72f0d438934c7721ef7ebdd8e5,cFYnm,zu-den-texten,,enter,,0,
199312,1788984903959,536cad72f0d438934c7721ef7ebdd8e5,cFYnm,titelblatt_hymnenandienacht,,enter,hymnenandienacht,0,
199313,1788984905085,536cad72f0d438934c7721ef7ebdd8e5,cFYnm,warum-lesen-wir_hymnenandienacht,,enter,hymnenandienacht,0,
199314,1788984916483,536cad72f0d438934c7721ef7ebdd8e5,cFYnm,titelblatt_hymnenandienacht,,enter,hymnenandienacht,0,
199315,1788984917386,536cad72f0d438934c7721ef7ebdd8e5,cFYnm,reader_hymnenandienacht,,enter,hymnenandienacht,0,
199316,1788984920967,536cad72f0d438934c7721ef7ebdd8e5,cFYnm,second-menu,,enter,,0,
199317,1788984922741,536cad72f0d438934c7721ef7ebdd8e5,cFYnm,reader_hymnenandienacht,,enter,hymnenandienacht,0,
199318,1788984922752,536cad72f0d438934c7721ef7ebdd8e5,cFYnm,reader_hymnenandienacht,page1,enter,0.0571,86,hymnenandienacht-210ec;hymnenandienacht-705f7;hymnenandienacht-98fc0;hymnenandienacht-dd9fd
199319,1788984923531,536cad72f0d438934c7721ef7ebdd8e5,cFYnm,reader_hymnenandienacht,location,close,reject,0,
199320,1788984951337,536cad72f0d438934c7721ef7ebdd8e5,cFYnm,reader_hymnenandienacht,page2,enter,0.0857,102,hymnenandienacht-014b7;hymnenandienacht-07411;hymnenandienacht-0e946;hymnenandienacht-12f1d;hymnenandienacht-292bd;hymnenandienacht-2b2b8;hymnenandienacht-48ebd;hymnenandienacht-705f7
199321,1788984970192,536cad72f0d438934c7721ef7ebdd8e5,cFYnm,reader_hymnenandienacht,page3,enter,0.1143,105,hymnenandienacht-3e686;hymnenandienacht-48ebd;hymnenandienacht-57a94;hymnenandienacht-73e0a;hymnenandienacht-82e37;hymnenandienacht-849e8;hymnenandienacht-862f6;hymnenandienacht-d9c8b;hymnenandienacht-e1cf3
199322,1788984972768,536cad72f0d438934c7721ef7ebdd8e5,cFYnm,home,,enter,,0,
199323,1788984973689,536cad72f0d438934c7721ef7ebdd8e5,cFYnm,zu-den-texten,,enter,,0,
199324,1788984985182,536cad72f0d438934c7721ef7ebdd8e5,cFYnm,titelblatt_woyzeck,,enter,woyzeck,0,
199325,1788984986463,536cad72f0d438934c7721ef7ebdd8e5,cFYnm,warum-lesen-wir_woyzeck,,enter,woyzeck,0,
199326,1788985012673,536cad72f0d438934c7721ef7ebdd8e5,cFYnm,titelblatt_woyzeck,,enter,woyzeck,0,
199327,1788985013589,536cad72f0d438934c7721ef7ebdd8e5,cFYnm,reader_woyzeck,,enter,woyzeck,0,
199328,1788985014477,536cad72f0d438934c7721ef7ebdd8e5,cFYnm,reader_woyzeck,page14,enter,0.098,41,woyzeck-2b219;woyzeck-35c07;woyzeck-52cb7;woyzeck-57a23;woyzeck-715c2;woyzeck-751c8;woyzeck-76e59;woyzeck-777d6;woyzeck-8203c;woyzeck-b51b8;woyzeck-ba9c7;woyzeck-be77a;woyzeck-c371f;woyzeck-ce696;woyzeck-d5c40;woyzeck-dcb0c
199329,1788985016145,536cad72f0d438934c7721ef7ebdd8e5,cFYnm,reader_woyzeck,location,close,reject,0,
199330,1788985020416,536cad72f0d438934c7721ef7ebdd8e5,cFYnm,second-menu,,enter,,0,
199331,1788985027369,536cad72f0d438934c7721ef7ebdd8e5,cFYnm,reader_woyzeck,,enter,woyzeck,0,
199332,1788985027388,536cad72f0d438934c7721ef7ebdd8e5,cFYnm,reader_woyzeck,page14,enter,0.098,41,woyzeck-2b219;woyzeck-35c07;woyzeck-52cb7;woyzeck-57a23;woyzeck-715c2;woyzeck-751c8;woyzeck-76e59;woyzeck-777d6;woyzeck-8203c;woyzeck-b51b8;woyzeck-ba9c7;woyzeck-be77a;woyzeck-c371f;woyzeck-ce696;woyzeck-d5c40;woyzeck-dcb0c
199333,1788985028328,536cad72f0d438934c7721ef7ebdd8e5,cFYnm,reader_woyzeck,page13,enter,0.0915,39,woyzeck-132c8;woyzeck-2bfb8;woyzeck-3bdd7;woyzeck-539d6;woyzeck-6b951;woyzeck-72202;woyzeck-78df3;woyzeck-791fb;woyzeck-8b5ae;woyzeck-9fb24;woyzeck-a2172;woyzeck-b4368;woyzeck-b9024;woyzeck-d20d3;woyzeck-da0f6;woyzeck-fc785
199334,1788985028654,536cad72f0d438934c7721ef7ebdd8e5,cFYnm,reader_woyzeck,page12,enter,0.085,20,woyzeck-25f0f;woyzeck-2b7d8;woyzeck-41165;woyzeck-86ab4;woyzeck-bf70a;woyzeck-c8718
199335,1788985028987,536cad72f0d438934c7721ef7ebdd8e5,cFYnm,reader_woyzeck,page11,enter,0.0784,43,woyzeck-0d806;woyzeck-3c34e;woyzeck-596fe;woyzeck-78ca3;woyzeck-7dda2;woyzeck-a0c08;woyzeck-aa876;woyzeck-d6ce8;woyzeck-e5ad3;woyzeck-eaf4f;woyzeck-fde4e
199336,1788985029286,536cad72f0d438934c7721ef7ebdd8e5,cFYnm,reader_woyzeck,page10,enter,0.0719,115,woyzeck-3181d;woyzeck-3eaba;woyzeck-4c2d7;woyzeck-55d8d;woyzeck-5601a;woyzeck-5fa38;woyzeck-609f1;woyzeck-642a7;woyzeck-69682;woyzeck-732a7;woyzeck-76f5a;woyzeck-bc157;woyzeck-e8557;woyzeck-ea86e;woyzeck-f4fac;woyzeck-f94b7
199337,1788985029619,536cad72f0d438934c7721ef7ebdd8e5,cFYnm,reader_woyzeck,page9,enter,0.0654,99,woyzeck-103d2;woyzeck-178f9;woyzeck-3625a;woyzeck-44293;woyzeck-47256;woyzeck-77cb9;woyzeck-7c1d6;woyzeck-a0949;woyzeck-a71af;woyzeck-adebb;woyzeck-b599b;woyzeck-bc5b1;woyzeck-d03bc;woyzeck-ea86e;woyzeck-eea61
199338,1788985029886,536cad72f0d438934c7721ef7ebdd8e5,cFYnm,reader_woyzeck,page8,enter,0.0588,20,woyzeck-02dc2;woyzeck-59353;woyzeck-67c24;woyzeck-d8d3a;woyzeck-efce1
199339,1788985030185,536cad72f0d438934c7721ef7ebdd8e5,cFYnm,reader_woyzeck,page7,enter,0.0523,83,woyzeck-14a65;woyzeck-22385;woyzeck-409b6;woyzeck-421cd;woyzeck-479b6;woyzeck-4a44d;woyzeck-4d41d;woyzeck-4f3a3;woyzeck-5232b;woyzeck-5f057;woyzeck-77044;woyzeck-79c38;woyzeck-7ad80;woyzeck-87175;woyzeck-8e9ce;woyzeck-8ec1c;woyzeck-92438;woyzeck-a01f9;woyzeck-b23f0;woyzeck-e1aa8;woyzeck-f31fa
199340,1788985030521,536cad72f0d438934c7721ef7ebdd8e5,cFYnm,reader_woyzeck,page6,enter,0.0458,96,woyzeck-30255;woyzeck-3b0b8;woyzeck-5678b;woyzeck-63667;woyzeck-d8d38;woyzeck-dd15e
199341,1788985030884,536cad72f0d438934c7721ef7ebdd8e5,cFYnm,reader_woyzeck,page5,enter,0.0392,82,woyzeck-186d7;woyzeck-88737;woyzeck-8ac53;woyzeck-8f409;woyzeck-f0d67;woyzeck-f14ba
199342,1788985031649,536cad72f0d438934c7721ef7ebdd8e5,cFYnm,reader_woyzeck,page4,enter,0.0327,98,woyzeck-1364f;woyzeck-25e1e;woyzeck-8537f;woyzeck-95c99;woyzeck-b5481;woyzeck-c29aa;woyzeck-c82ca;woyzeck-d5ee6;woyzeck-dab77
199343,1788985032082,536cad72f0d438934c7721ef7ebdd8e5,cFYnm,reader_woyzeck,page3,enter,0.0261,42,woyzeck-0ad18;woyzeck-cce1c
199344,1788985032952,536cad72f0d438934c7721ef7ebdd8e5,cFYnm,reader_woyzeck,page2,enter,0.0196,84,woyzeck-57d4e;woyzeck-5d4ec;woyzeck-68b45;woyzeck-9d43c;woyzeck-cce1c;woyzeck-f02f6
199345,1788985033415,536cad72f0d438934c7721ef7ebdd8e5,cFYnm,reader_woyzeck,page1,enter,0.0131,70,woyzeck-68b45;woyzeck-78085;woyzeck-90e68;woyzeck-9e57e;woyzeck-cf62c;woyzeck-d861b;woyzeck-f5d9b
199346,1788985050074,536cad72f0d438934c7721ef7ebdd8e5,cFYnm,reader_woyzeck,page2,enter,0.0196,84,woyzeck-57d4e;woyzeck-5d4ec;woyzeck-68b45;woyzeck-9d43c;woyzeck-cce1c;woyzeck-f02f6
199347,1788985071826,536cad72f0d438934c7721ef7ebdd8e5,cFYnm,reader_woyzeck,page3,enter,0.0261,42,woyzeck-0ad18;woyzeck-cce1c
199348,1788985082543,536cad72f0d438934c7721ef7ebdd8e5,cFYnm,reader_woyzeck,page4,enter,0.0327,98,woyzeck-1364f;woyzeck-25e1e;woyzeck-8537f;woyzeck-95c99;woyzeck-b5481;woyzeck-c29aa;woyzeck-c82ca;woyzeck-d5ee6;woyzeck-dab77
199349,1788985086773,536cad72f0d438934c7721ef7ebdd8e5,cFYnm,reader_woyzeck,page5,enter,0.0392,82,woyzeck-186d7;woyzeck-88737;woyzeck-8ac53;woyzeck-8f409;woyzeck-f0d67;woyzeck-f14ba
199350,1788985089468,536cad72f0d438934c7721ef7ebdd8e5,cFYnm,reader_woyzeck,page6,enter,0.0458,96,woyzeck-30255;woyzeck-3b0b8;woyzeck-5678b;woyzeck-63667;woyzeck-d8d38;woyzeck-dd15e
199351,1788985090740,536cad72f0d438934c7721ef7ebdd8e5,cFYnm,reader_woyzeck,page7,enter,0.0523,83,woyzeck-14a65;woyzeck-22385;woyzeck-409b6;woyzeck-421cd;woyzeck-479b6;woyzeck-4a44d;woyzeck-4d41d;woyzeck-4f3a3;woyzeck-5232b;woyzeck-5f057;woyzeck-77044;woyzeck-79c38;woyzeck-7ad80;woyzeck-87175;woyzeck-8e9ce;woyzeck-8ec1c;woyzeck-92438;woyzeck-a01f9;woyzeck-b23f0;woyzeck-e1aa8;woyzeck-f31fa
199352,1788985092388,536cad72f0d438934c7721ef7ebdd8e5,cFYnm,reader_woyzeck,emotion,close,reject,0,
199353,1788985129360,536cad72f0d438934c7721ef7ebdd8e5,cFYnm,reader_woyzeck,page8,enter,0.0588,20,woyzeck-02dc2;woyzeck-59353;woyzeck-67c24;woyzeck-d8d3a;woyzeck-efce1
199354,1788985134287,536cad72f0d438934c7721ef7ebdd8e5,cFYnm,reader_woyzeck,page9,enter,0.0654,99,woyzeck-103d2;woyzeck-178f9;woyzeck-3625a;woyzeck-44293;woyzeck-47256;woyzeck-77cb9;woyzeck-7c1d6;woyzeck-a0949;woyzeck-a71af;woyzeck-adebb;woyzeck-b599b;woyzeck-bc5b1;woyzeck-d03bc;woyzeck-ea86e;woyzeck-eea61
199355,1788985164077,536cad72f0d438934c7721ef7ebdd8e5,cFYnm,reader_woyzeck,page10,enter,0.0719,115,woyzeck-3181d;woyzeck-3eaba;woyzeck-4c2d7;woyzeck-55d8d;woyzeck-5601a;woyzeck-5fa38;woyzeck-609f1;woyzeck-642a7;woyzeck-69682;woyzeck-732a7;woyzeck-76f5a;woyzeck-bc157;woyzeck-e8557;woyzeck-ea86e;woyzeck-f4fac;woyzeck-f94b7
199356,1788985198542,536cad72f0d438934c7721ef7ebdd8e5,cFYnm,reader_woyzeck,page11,enter,0.0784,43,woyzeck-0d806;woyzeck-3c34e;woyzeck-596fe;woyzeck-78ca3;woyzeck-7dda2;woyzeck-a0c08;woyzeck-aa876;woyzeck-d6ce8;woyzeck-e5ad3;woyzeck-eaf4f;woyzeck-fde4e
199357,1788985216499,536cad72f0d438934c7721ef7ebdd8e5,cFYnm,reader_woyzeck,page12,enter,0.085,20,woyzeck-25f0f;woyzeck-2b7d8;woyzeck-41165;woyzeck-86ab4;woyzeck-bf70a;woyzeck-c8718
199358,1788985222093,536cad72f0d438934c7721ef7ebdd8e5,cFYnm,reader_woyzeck,page13,enter,0.0915,39,woyzeck-132c8;woyzeck-2bfb8;woyzeck-3bdd7;woyzeck-539d6;woyzeck-6b951;woyzeck-72202;woyzeck-78df3;woyzeck-791fb;woyzeck-8b5ae;woyzeck-9fb24;woyzeck-a2172;woyzeck-b4368;woyzeck-b9024;woyzeck-d20d3;woyzeck-da0f6;woyzeck-fc785
199359,1788985228040,536cad72f0d438934c7721ef7ebdd8e5,cFYnm,reader_woyzeck,page14,leave,0.085,39,woyzeck-132c8;woyzeck-2bfb8;woyzeck-3bdd7;woyzeck-539d6;woyzeck-6b951;woyzeck-72202;woyzeck-78df3;woyzeck-791fb;woyzeck-8b5ae;woyzeck-9fb24;woyzeck-a2172;woyzeck-b4368;woyzeck-b9024;woyzeck-d20d3;woyzeck-da0f6;woyzeck-fc785
199360,1788985251158,536cad72f0d438934c7721ef7ebdd8e5,QBQYj,reader_woyzeck,page14,reenter,0.085,39,woyzeck-132c8;woyzeck-2bfb8;woyzeck-3bdd7;woyzeck-539d6;woyzeck-6b951;woyzeck-72202;woyzeck-78df3;woyzeck-791fb;woyzeck-8b5ae;woyzeck-9fb24;woyzeck-a2172;woyzeck-b4368;woyzeck-b9024;woyzeck-d20d3;woyzeck-da0f6;woyzeck-fc785
199361,1788985277580,536cad72f0d438934c7721ef7ebdd8e5,QBQYj,reader_woyzeck,page15,enter,0.1046,5,woyzeck-73257;woyzeck-ac342
199362,1788985278711,536cad72f0d438934c7721ef7ebdd8e5,QBQYj,reader_woyzeck,page16,enter,0.1111,68,woyzeck-0fe28;woyzeck-1711c;woyzeck-371b1;woyzeck-4ad31;woyzeck-55a5a;woyzeck-62794;woyzeck-72499;woyzeck-729ba;woyzeck-73f57;woyzeck-75ed9;woyzeck-7b35d;woyzeck-909b4;woyzeck-96407;woyzeck-99c13;woyzeck-a1d12;woyzeck-aa8b7;woyzeck-cd9e3;woyzeck-d4e46;woyzeck-e5e96;woyzeck-f66a2;woyzeck-fa523
199363,1788985288321,536cad72f0d438934c7721ef7ebdd8e5,QBQYj,reader_woyzeck,page17,leave,0.1046,68,woyzeck-0fe28;woyzeck-1711c;woyzeck-371b1;woyzeck-4ad31;woyzeck-55a5a;woyzeck-62794;woyzeck-72499;woyzeck-729ba;woyzeck-73f57;woyzeck-75ed9;woyzeck-7b35d;woyzeck-909b4;woyzeck-96407;woyzeck-99c13;woyzeck-a1d12;woyzeck-aa8b7;woyzeck-cd9e3;woyzeck-d4e46;woyzeck-e5e96;woyzeck-f66a2;woyzeck-fa523
199364,1788985319266,536cad72f0d438934c7721ef7ebdd8e5,dtc5b,reader_woyzeck,page17,reenter,0.1046,68,woyzeck-0fe28;woyzeck-1711c;woyzeck-371b1;woyzeck-4ad31;woyzeck-55a5a;woyzeck-62794;woyzeck-72499;woyzeck-729ba;woyzeck-73f57;woyzeck-75ed9;woyzeck-7b35d;woyzeck-909b4;woyzeck-96407;woyzeck-99c13;woyzeck-a1d12;woyzeck-aa8b7;woyzeck-cd9e3;woyzeck-d4e46;woyzeck-e5e96;woyzeck-f66a2;woyzeck-fa523
199365,1788985334285,536cad72f0d438934c7721ef7ebdd8e5,dtc5b,reader_woyzeck,page18,leave,0.1111,35,woyzeck-25252;woyzeck-64b01;woyzeck-73b22;woyzeck-7f989;woyzeck-83474;woyzeck-8c00e;woyzeck-fa294
199366,1788985375592,536cad72f0d438934c7721ef7ebdd8e5,ubw4O,reader_woyzeck,page18,reenter,0.1111,35,woyzeck-25252;woyzeck-64b01;woyzeck-73b22;woyzeck-7f989;woyzeck-83474;woyzeck-8c00e;woyzeck-fa294
199367,1788985378607,536cad72f0d438934c7721ef7ebdd8e5,ubw4O,reader_woyzeck,page16,enter,0.1111,68,woyzeck-0fe28;woyzeck-1711c;woyzeck-371b1;woyzeck-4ad31;woyzeck-55a5a;woyzeck-62794;woyzeck-72499;woyzeck-729ba;woyzeck-73f57;woyzeck-75ed9;woyzeck-7b35d;woyzeck-909b4;woyzeck-96407;woyzeck-99c13;woyzeck-a1d12;woyzeck-aa8b7;woyzeck-cd9e3;woyzeck-d4e46;woyzeck-e5e96;woyzeck-f66a2;woyzeck-fa523
199368,1788985380204,536cad72f0d438934c7721ef7ebdd8e5,ubw4O,reader_woyzeck,page17,enter,0.1176,35,woyzeck-25252;woyzeck-64b01;woyzeck-73b22;woyzeck-7f989;woyzeck-83474;woyzeck-8c00e;woyzeck-fa294
199369,1788985380571,536cad72f0d438934c7721ef7ebdd8e5,ubw4O,reader_woyzeck,page16,enter,0.1111,68,woyzeck-0fe28;woyzeck-1711c;woyzeck-371b1;woyzeck-4ad31;woyzeck-55a5a;woyzeck-62794;woyzeck-72499;woyzeck-729ba;woyzeck-73f57;woyzeck-75ed9;woyzeck-7b35d;woyzeck-909b4;woyzeck-96407;woyzeck-99c13;woyzeck-a1d12;woyzeck-aa8b7;woyzeck-cd9e3;woyzeck-d4e46;woyzeck-e5e96;woyzeck-f66a2;woyzeck-fa523
199370,1788985382160,536cad72f0d438934c7721ef7ebdd8e5,ubw4O,reader_woyzeck,page17,leave,0.1046,68,woyzeck-0fe28;woyzeck-1711c;woyzeck-371b1;woyzeck-4ad31;woyzeck-55a5a;woyzeck-62794;woyzeck-72499;woyzeck-729ba;woyzeck-73f57;woyzeck-75ed9;woyzeck-7b35d;woyzeck-909b4;woyzeck-96407;woyzeck-99c13;woyzeck-a1d12;woyzeck-aa8b7;woyzeck-cd9e3;woyzeck-d4e46;woyzeck-e5e96;woyzeck-f66a2;woyzeck-fa523
199371,1788985398095,536cad72f0d438934c7721ef7ebdd8e5,8XuWo,reader_woyzeck,page17,reenter,0.1046,68,woyzeck-0fe28;woyzeck-1711c;woyzeck-371b1;woyzeck-4ad31;woyzeck-55a5a;woyzeck-62794;woyzeck-72499;woyzeck-729ba;woyzeck-73f57;woyzeck-75ed9;woyzeck-7b35d;woyzeck-909b4;woyzeck-96407;woyzeck-99c13;woyzeck-a1d12;woyzeck-aa8b7;woyzeck-cd9e3;woyzeck-d4e46;woyzeck-e5e96;woyzeck-f66a2;woyzeck-fa523
199372,1788985403272,536cad72f0d438934c7721ef7ebdd8e5,8XuWo,reader_woyzeck,page17,leave,0.1046,68,woyzeck-0fe28;woyzeck-1711c;woyzeck-371b1;woyzeck-4ad31;woyzeck-55a5a;woyzeck-62794;woyzeck-72499;woyzeck-729ba;woyzeck-73f57;woyzeck-75ed9;woyzeck-7b35d;woyzeck-909b4;woyzeck-96407;woyzeck-99c13;woyzeck-a1d12;woyzeck-aa8b7;woyzeck-cd9e3;woyzeck-d4e46;woyzeck-e5e96;woyzeck-f66a2;woyzeck-fa523
199373,1788985412878,536cad72f0d438934c7721ef7ebdd8e5,9UtYV,reader_woyzeck,page17,reenter,0.1046,68,woyzeck-0fe28;woyzeck-1711c;woyzeck-371b1;woyzeck-4ad31;woyzeck-55a5a;woyzeck-62794;woyzeck-72499;woyzeck-729ba;woyzeck-73f57;woyzeck-75ed9;woyzeck-7b35d;woyzeck-909b4;woyzeck-96407;woyzeck-99c13;woyzeck-a1d12;woyzeck-aa8b7;woyzeck-cd9e3;woyzeck-d4e46;woyzeck-e5e96;woyzeck-f66a2;woyzeck-fa523
199374,1788985415249,536cad72f0d438934c7721ef7ebdd8e5,9UtYV,reader_woyzeck,page18,enter,0.1242,61,woyzeck-0fccb;woyzeck-1a4c8;woyzeck-2e937;woyzeck-48843;woyzeck-58465;woyzeck-6121c;woyzeck-63b38;woyzeck-699d7;woyzeck-73b91;woyzeck-7d4c3;woyzeck-7f5ca;woyzeck-8ec0a;woyzeck-a720e;woyzeck-a811e;woyzeck-aabd3;woyzeck-ae4f7;woyzeck-c68d1;woyzeck-dc79f;woyzeck-ed7de;woyzeck-f3f83
199375,1788985417312,536cad72f0d438934c7721ef7ebdd8e5,9UtYV,reader_woyzeck,page17,enter,0.1176,35,woyzeck-25252;woyzeck-64b01;woyzeck-73b22;woyzeck-7f989;woyzeck-83474;woyzeck-8c00e;woyzeck-fa294
199376,1788985419647,536cad72f0d438934c7721ef7ebdd8e5,9UtYV,reader_woyzeck,page18,leave,0.1111,35,woyzeck-25252;woyzeck-64b01;woyzeck-73b22;woyzeck-7f989;woyzeck-83474;woyzeck-8c00e;woyzeck-fa294
199377,1788985432466,536cad72f0d438934c7721ef7ebdd8e5,ToFPD,reader_woyzeck,page18,reenter,0.1111,35,woyzeck-25252;woyzeck-64b01;woyzeck-73b22;woyzeck-7f989;woyzeck-83474;woyzeck-8c00e;woyzeck-fa294
199378,1788985452644,536cad72f0d438934c7721ef7ebdd8e5,ToFPD,reader_woyzeck,page19,enter,0.1307,48,woyzeck-18481;woyzeck-2ffb8;woyzeck-4ebd8;woyzeck-534d3;woyzeck-8a011;woyzeck-90578;woyzeck-9fb0f;woyzeck-adb2c;woyzeck-af889;woyzeck-b77c3;woyzeck-b77de;woyzeck-bf779;woyzeck-cacd9;woyzeck-d9fac;woyzeck-e8f61;woyzeck-f5446
199379,1788985462913,536cad72f0d438934c7721ef7ebdd8e5,ToFPD,reader_woyzeck,page20,enter,0.1373,38,woyzeck-4c988;woyzeck-89c48;woyzeck-adb2c;woyzeck-e475a
199380,1788985471933,536cad72f0d438934c7721ef7ebdd8e5,ToFPD,reader_woyzeck,page21,enter,0.1438,50,woyzeck-1b92b;woyzeck-2215a;woyzeck-25354;woyzeck-50289;woyzeck-6ebca;woyzeck-79d5a;woyzeck-7a875;woyzeck-87c44;woyzeck-894d7;woyzeck-9e76e;woyzeck-b665e;woyzeck-ba4c5;woyzeck-e379f;woyzeck-e8c53;woyzeck-ef4ab;woyzeck-f7cd7
199381,1788985503639,536cad72f0d438934c7721ef7ebdd8e5,pKola,reader_woyzeck,page22,reenter,0.1373,50,woyzeck-1b92b;woyzeck-2215a;woyzeck-25354;woyzeck-50289;woyzeck-6ebca;woyzeck-79d5a;woyzeck-7a875;woyzeck-87c44;woyzeck-894d7;woyzeck-9e76e;woyzeck-b665e;woyzeck-ba4c5;woyzeck-e379f;woyzeck-e8c53;woyzeck-ef4ab;woyzeck-f7cd7
199382,1788985481355,536cad72f0d438934c7721ef7ebdd8e5,ToFPD,reader_woyzeck,page22,leave,0.1373,50,woyzeck-1b92b;woyzeck-2215a;woyzeck-25354;woyzeck-50289;woyzeck-6ebca;woyzeck-79d5a;woyzeck-7a875;woyzeck-87c44;woyzeck-894d7;woyzeck-9e76e;woyzeck-b665e;woyzeck-ba4c5;woyzeck-e379f;woyzeck-e8c53;woyzeck-ef4ab;woyzeck-f7cd7
199383,1788985509573,536cad72f0d438934c7721ef7ebdd8e5,pKola,reader_woyzeck,page20,enter,0.1373,38,woyzeck-4c988;woyzeck-89c48;woyzeck-adb2c;woyzeck-e475a
199384,1788985510672,536cad72f0d438934c7721ef7ebdd8e5,pKola,reader_woyzeck,page21,enter,0.1438,50,woyzeck-1b92b;woyzeck-2215a;woyzeck-25354;woyzeck-50289;woyzeck-6ebca;woyzeck-79d5a;woyzeck-7a875;woyzeck-87c44;woyzeck-894d7;woyzeck-9e76e;woyzeck-b665e;woyzeck-ba4c5;woyzeck-e379f;woyzeck-e8c53;woyzeck-ef4ab;woyzeck-f7cd7
199385,1788985511971,536cad72f0d438934c7721ef7ebdd8e5,pKola,reader_woyzeck,page22,enter,0.1503,40,woyzeck-04450;woyzeck-1f650;woyzeck-5643f;woyzeck-69e0b;woyzeck-8b402;woyzeck-9d9d3;woyzeck-cec01;woyzeck-d2d20;woyzeck-d3bb6;woyzeck-e5406;woyzeck-eaedf;woyzeck-ed3c3;woyzeck-fe85b
199386,1788985520392,536cad72f0d438934c7721ef7ebdd8e5,pKola,reader_woyzeck,page23,enter,0.1569,21,woyzeck-17c57;woyzeck-27a21;woyzeck-59ad4;woyzeck-ce5a7;woyzeck-cf1ef;woyzeck-d8ab2;woyzeck-d90ca;woyzeck-f75b6
199387,1788985525717,536cad72f0d438934c7721ef7ebdd8e5,pKola,reader_woyzeck,page24,enter,0.1634,58,woyzeck-1a97a;woyzeck-1bbf0;woyzeck-277a9;woyzeck-2bbbd;woyzeck-3e750;woyzeck-426d9;woyzeck-49290;woyzeck-501c1;woyzeck-52286;woyzeck-5d693;woyzeck-5fa6b;woyzeck-7dce7;woyzeck-9d4b5;woyzeck-dd307;woyzeck-f5e00;woyzeck-f900c;woyzeck-f9765
199388,1788985547020,536cad72f0d438934c7721ef7ebdd8e5,pKola,reader_woyzeck,page25,enter,0.1699,70,woyzeck-190c1;woyzeck-8bbfe;woyzeck-8f175;woyzeck-93bce;woyzeck-94e6d;woyzeck-94e6d-2;woyzeck-b2eda;woyzeck-e4a30;woyzeck-f6ed1;woyzeck-fdd99
199389,1788985568257,536cad72f0d438934c7721ef7ebdd8e5,pKola,reader_woyzeck,page26,enter,0.1765,105,woyzeck-0cb5d;woyzeck-184cf;woyzeck-3334a;woyzeck-3427c;woyzeck-38ecf;woyzeck-3dbf9;woyzeck-46cfc;woyzeck-47d81;woyzeck-64954;woyzeck-66564;woyzeck-7843d;woyzeck-7fb12;woyzeck-a7018;woyzeck-dd245;woyzeck-e5aed;woyzeck-fb6f6
199390,1788985606420,536cad72f0d438934c7721ef7ebdd8e5,pKola,reader_woyzeck,page27,enter,0.183,107,woyzeck-040da;woyzeck-0763d;woyzeck-0cb5d;woyzeck-120f2;woyzeck-2d7b5;woyzeck-397c3;woyzeck-47537;woyzeck-5d428;woyzeck-5e3d7;woyzeck-685f4;woyzeck-78f16;woyzeck-80924;woyzeck-86cbd;woyzeck-a8829;woyzeck-aaccc;woyzeck-ad079;woyzeck-bb573;woyzeck-c4001;woyzeck-cceed;woyzeck-dcf79;woyzeck-e6755;woyzeck-ec83f;woyzeck-eccfd
199391,1788985616694,536cad72f0d438934c7721ef7ebdd8e5,pKola,reader_woyzeck,page28,leave,0.1765,107,woyzeck-040da;woyzeck-0763d;woyzeck-0cb5d;woyzeck-120f2;woyzeck-2d7b5;woyzeck-397c3;woyzeck-47537;woyzeck-5d428;woyzeck-5e3d7;woyzeck-685f4;woyzeck-78f16;woyzeck-80924;woyzeck-86cbd;woyzeck-a8829;woyzeck-aaccc;woyzeck-ad079;woyzeck-bb573;woyzeck-c4001;woyzeck-cceed;woyzeck-dcf79;woyzeck-e6755;woyzeck-ec83f;woyzeck-eccfd
199392,1788985628794,536cad72f0d438934c7721ef7ebdd8e5,GsBQP,reader_woyzeck,page28,reenter,0.1765,107,woyzeck-040da;woyzeck-0763d;woyzeck-0cb5d;woyzeck-120f2;woyzeck-2d7b5;woyzeck-397c3;woyzeck-47537;woyzeck-5d428;woyzeck-5e3d7;woyzeck-685f4;woyzeck-78f16;woyzeck-80924;woyzeck-86cbd;woyzeck-a8829;woyzeck-aaccc;woyzeck-ad079;woyzeck-bb573;woyzeck-c4001;woyzeck-cceed;woyzeck-dcf79;woyzeck-e6755;woyzeck-ec83f;woyzeck-eccfd
199393,1788985629472,536cad72f0d438934c7721ef7ebdd8e5,GsBQP,reader_woyzeck,page26,enter,0.1765,105,woyzeck-0cb5d;woyzeck-184cf;woyzeck-3334a;woyzeck-3427c;woyzeck-38ecf;woyzeck-3dbf9;woyzeck-46cfc;woyzeck-47d81;woyzeck-64954;woyzeck-66564;woyzeck-7843d;woyzeck-7fb12;woyzeck-a7018;woyzeck-dd245;woyzeck-e5aed;woyzeck-fb6f6
199394,1788985630981,536cad72f0d438934c7721ef7ebdd8e5,GsBQP,reader_woyzeck,page27,enter,0.183,107,woyzeck-040da;woyzeck-0763d;woyzeck-0cb5d;woyzeck-120f2;woyzeck-2d7b5;woyzeck-397c3;woyzeck-47537;woyzeck-5d428;woyzeck-5e3d7;woyzeck-685f4;woyzeck-78f16;woyzeck-80924;woyzeck-86cbd;woyzeck-a8829;woyzeck-aaccc;woyzeck-ad079;woyzeck-bb573;woyzeck-c4001;woyzeck-cceed;woyzeck-dcf79;woyzeck-e6755;woyzeck-ec83f;woyzeck-eccfd
199395,1788985632123,536cad72f0d438934c7721ef7ebdd8e5,GsBQP,reader_woyzeck,emotion,close,reject,0,
199396,1788985634416,536cad72f0d438934c7721ef7ebdd8e5,GsBQP,reader_woyzeck,page28,leave,0.1765,107,woyzeck-040da;woyzeck-0763d;woyzeck-0cb5d;woyzeck-120f2;woyzeck-2d7b5;woyzeck-397c3;woyzeck-47537;woyzeck-5d428;woyzeck-5e3d7;woyzeck-685f4;woyzeck-78f16;woyzeck-80924;woyzeck-86cbd;woyzeck-a8829;woyzeck-aaccc;woyzeck-ad079;woyzeck-bb573;woyzeck-c4001;woyzeck-cceed;woyzeck-dcf79;woyzeck-e6755;woyzeck-ec83f;woyzeck-eccfd
199397,1788985668082,536cad72f0d438934c7721ef7ebdd8e5,pYtNM,reader_woyzeck,page28,reenter,0.1765,107,woyzeck-040da;woyzeck-0763d;woyzeck-0cb5d;woyzeck-120f2;woyzeck-2d7b5;woyzeck-397c3;woyzeck-47537;woyzeck-5d428;woyzeck-5e3d7;woyzeck-685f4;woyzeck-78f16;woyzeck-80924;woyzeck-86cbd;woyzeck-a8829;woyzeck-aaccc;woyzeck-ad079;woyzeck-bb573;woyzeck-c4001;woyzeck-cceed;woyzeck-dcf79;woyzeck-e6755;woyzeck-ec83f;woyzeck-eccfd
199398,1788985690262,536cad72f0d438934c7721ef7ebdd8e5,pYtNM,reader_woyzeck,page26,enter,0.1765,105,woyzeck-0cb5d;woyzeck-184cf;woyzeck-3334a;woyzeck-3427c;woyzeck-38ecf;woyzeck-3dbf9;woyzeck-46cfc;woyzeck-47d81;woyzeck-64954;woyzeck-66564;woyzeck-7843d;woyzeck-7fb12;woyzeck-a7018;woyzeck-dd245;woyzeck-e5aed;woyzeck-fb6f6
199399,1788985690594,536cad72f0d438934c7721ef7ebdd8e5,pYtNM,reader_woyzeck,page25,enter,0.1699,70,woyzeck-190c1;woyzeck-8bbfe;woyzeck-8f175;woyzeck-93bce;woyzeck-94e6d;woyzeck-94e6d-2;woyzeck-b2eda;woyzeck-e4a30;woyzeck-f6ed1;woyzeck-fdd99
199400,1788985690959,536cad72f0d438934c7721ef7ebdd8e5,pYtNM,reader_woyzeck,page24,enter,0.1634,58,woyzeck-1a97a;woyzeck-1bbf0;woyzeck-277a9;woyzeck-2bbbd;woyzeck-3e750;woyzeck-426d9;woyzeck-49290;woyzeck-501c1;woyzeck-52286;woyzeck-5d693;woyzeck-5fa6b;woyzeck-7dce7;woyzeck-9d4b5;woyzeck-dd307;woyzeck-f5e00;woyzeck-f900c;woyzeck-f9765
199401,1788985691328,536cad72f0d438934c7721ef7ebdd8e5,pYtNM,reader_woyzeck,page23,enter,0.1569,21,woyzeck-17c57;woyzeck-27a21;woyzeck-59ad4;woyzeck-ce5a7;woyzeck-cf1ef;woyzeck-d8ab2;woyzeck-d90ca;woyzeck-f75b6
199402,1788985691959,536cad72f0d438934c7721ef7ebdd8e5,pYtNM,reader_woyzeck,page24,enter,0.1634,58,woyzeck-1a97a;woyzeck-1bbf0;woyzeck-277a9;woyzeck-2bbbd;woyzeck-3e750;woyzeck-426d9;woyzeck-49290;woyzeck-501c1;woyzeck-52286;woyzeck-5d693;woyzeck-5fa6b;woyzeck-7dce7;woyzeck-9d4b5;woyzeck-dd307;woyzeck-f5e00;woyzeck-f900c;woyzeck-f9765
199403,1788985693156,536cad72f0d438934c7721ef7ebdd8e5,pYtNM,reader_woyzeck,page25,enter,0.1699,70,woyzeck-190c1;woyzeck-8bbfe;woyzeck-8f175;woyzeck-93bce;woyzeck-94e6d;woyzeck-94e6d-2;woyzeck-b2eda;woyzeck-e4a30;woyzeck-f6ed1;woyzeck-fdd99
199404,1788985693492,536cad72f0d438934c7721ef7ebdd8e5,pYtNM,reader_woyzeck,page26,enter,0.1765,105,woyzeck-0cb5d;woyzeck-184cf;woyzeck-3334a;woyzeck-3427c;woyzeck-38ecf;woyzeck-3dbf9;woyzeck-46cfc;woyzeck-47d81;woyzeck-64954;woyzeck-66564;woyzeck-7843d;woyzeck-7fb12;woyzeck-a7018;woyzeck-dd245;woyzeck-e5aed;woyzeck-fb6f6
199405,1788985693857,536cad72f0d438934c7721ef7ebdd8e5,pYtNM,reader_woyzeck,page27,enter,0.183,107,woyzeck-040da;woyzeck-0763d;woyzeck-0cb5d;woyzeck-120f2;woyzeck-2d7b5;woyzeck-397c3;woyzeck-47537;woyzeck-5d428;woyzeck-5e3d7;woyzeck-685f4;woyzeck-78f16;woyzeck-80924;woyzeck-86cbd;woyzeck-a8829;woyzeck-aaccc;woyzeck-ad079;woyzeck-bb573;woyzeck-c4001;woyzeck-cceed;woyzeck-dcf79;woyzeck-e6755;woyzeck-ec83f;woyzeck-eccfd
199406,1788985694188,536cad72f0d438934c7721ef7ebdd8e5,pYtNM,reader_woyzeck,page28,enter,0.1895,38,woyzeck-12651;woyzeck-167d9;woyzeck-2f5a1;woyzeck-33d2b;woyzeck-5054b;woyzeck-647c5;woyzeck-681c8;woyzeck-76040;woyzeck-8a23e;woyzeck-9ba87;woyzeck-ab036;woyzeck-bb15a;woyzeck-c1327;woyzeck-f0cae;woyzeck-fcf53
199407,1788985694953,536cad72f0d438934c7721ef7ebdd8e5,pYtNM,reader_woyzeck,page27,enter,0.183,107,woyzeck-040da;woyzeck-0763d;woyzeck-0cb5d;woyzeck-120f2;woyzeck-2d7b5;woyzeck-397c3;woyzeck-47537;woyzeck-5d428;woyzeck-5e3d7;woyzeck-685f4;woyzeck-78f16;woyzeck-80924;woyzeck-86cbd;woyzeck-a8829;woyzeck-aaccc;woyzeck-ad079;woyzeck-bb573;woyzeck-c4001;woyzeck-cceed;woyzeck-dcf79;woyzeck-e6755;woyzeck-ec83f;woyzeck-eccfd
199408,1788985696084,536cad72f0d438934c7721ef7ebdd8e5,pYtNM,reader_woyzeck,page28,enter,0.1895,38,woyzeck-12651;woyzeck-167d9;woyzeck-2f5a1;woyzeck-33d2b;woyzeck-5054b;woyzeck-647c5;woyzeck-681c8;woyzeck-76040;woyzeck-8a23e;woyzeck-9ba87;woyzeck-ab036;woyzeck-bb15a;woyzeck-c1327;woyzeck-f0cae;woyzeck-fcf53
199409,1788985709716,536cad72f0d438934c7721ef7ebdd8e5,pYtNM,reader_woyzeck,page29,enter,0.1961,53,woyzeck-01f81;woyzeck-033fe;woyzeck-15f83;woyzeck-226d7;woyzeck-40f8d;woyzeck-41a24;woyzeck-438db;woyzeck-47f67;woyzeck-4c02f;woyzeck-5e414;woyzeck-71eea;woyzeck-75be4;woyzeck-feb8c
199410,1788985720584,536cad72f0d438934c7721ef7ebdd8e5,pYtNM,reader_woyzeck,page30,enter,0.2026,74,woyzeck-06ed8;woyzeck-14faf;woyzeck-41770;woyzeck-44cb3;woyzeck-8b7a4;woyzeck-a79e7;woyzeck-a8dea;woyzeck-b27af;woyzeck-d6e03;woyzeck-d7439;woyzeck-f5865;woyzeck-f9321
199411,1788985732773,536cad72f0d438934c7721ef7ebdd8e5,pYtNM,second-menu,,enter,,0,
199412,1788985735077,536cad72f0d438934c7721ef7ebdd8e5,pYtNM,reader_woyzeck,,enter,woyzeck,0,
199413,1788985735095,536cad72f0d438934c7721ef7ebdd8e5,pYtNM,reader_woyzeck,page30,enter,0.2026,74,woyzeck-06ed8;woyzeck-14faf;woyzeck-41770;woyzeck-44cb3;woyzeck-8b7a4;woyzeck-a79e7;woyzeck-a8dea;woyzeck-b27af;woyzeck-d6e03;woyzeck-d7439;woyzeck-f5865;woyzeck-f9321
199414,1788985741421,536cad72f0d438934c7721ef7ebdd8e5,pYtNM,reader_woyzeck,page31,enter,0.2092,22,woyzeck-01ddb;woyzeck-0cf0a;woyzeck-169f1;woyzeck-37a4d;woyzeck-8be60;woyzeck-b9331;woyzeck-c2c65;woyzeck-df023
199415,1788985748176,536cad72f0d438934c7721ef7ebdd8e5,pYtNM,reader_woyzeck,page32,enter,0.2157,27,woyzeck-0f38f;woyzeck-24255;woyzeck-36ad2;woyzeck-4ebd8-2;woyzeck-59d20;woyzeck-5fb2b;woyzeck-62ac2;woyzeck-681bc;woyzeck-75664;woyzeck-762b4;woyzeck-8123c;woyzeck-a8446;woyzeck-b00d8;woyzeck-c45c9;woyzeck-c746f;woyzeck-e26d9;woyzeck-e3a98;woyzeck-eb738;woyzeck-f563f
199416,1788985754702,536cad72f0d438934c7721ef7ebdd8e5,pYtNM,reader_woyzeck,page33,enter,0.2222,68,woyzeck-2581c;woyzeck-313a6;woyzeck-3c5e3;woyzeck-5c635;woyzeck-61e88;woyzeck-66c5d;woyzeck-7c045;woyzeck-806d6;woyzeck-80eed;woyzeck-b275a;woyzeck-d225c;woyzeck-d23f1;woyzeck-e35b6;woyzeck-f8fc0;woyzeck-fb0ff
199417,1788985763158,536cad72f0d438934c7721ef7ebdd8e5,pYtNM,reader_woyzeck,page32,enter,0.2157,27,woyzeck-0f38f;woyzeck-24255;woyzeck-36ad2;woyzeck-4ebd8-2;woyzeck-59d20;woyzeck-5fb2b;woyzeck-62ac2;woyzeck-681bc;woyzeck-75664;woyzeck-762b4;woyzeck-8123c;woyzeck-a8446;woyzeck-b00d8;woyzeck-c45c9;woyzeck-c746f;woyzeck-e26d9;woyzeck-e3a98;woyzeck-eb738;woyzeck-f563f
199418,1788985765683,536cad72f0d438934c7721ef7ebdd8e5,pYtNM,reader_woyzeck,page33,enter,0.2222,68,woyzeck-2581c;woyzeck-313a6;woyzeck-3c5e3;woyzeck-5c635;woyzeck-61e88;woyzeck-66c5d;woyzeck-7c045;woyzeck-806d6;woyzeck-80eed;woyzeck-b275a;woyzeck-d225c;woyzeck-d23f1;woyzeck-e35b6;woyzeck-f8fc0;woyzeck-fb0ff
199419,1788985775538,536cad72f0d438934c7721ef7ebdd8e5,pYtNM,reader_woyzeck,page34,enter,0.2288,63,woyzeck-01b05;woyzeck-06b92;woyzeck-2bf3d;woyzeck-35b6d;woyzeck-40a7f;woyzeck-462ce;woyzeck-4f526;woyzeck-62f88;woyzeck-682f2;woyzeck-7a558;woyzeck-7c109;woyzeck-896e1;woyzeck-8c03d;woyzeck-9772f;woyzeck-9823e;woyzeck-9923e;woyzeck-a099f;woyzeck-bf589;woyzeck-dc31e;woyzeck-e01ae;woyzeck-eb837;woyzeck-f2bc8;woyzeck-f8bea;woyzeck-fea78
199420,1788985795193,536cad72f0d438934c7721ef7ebdd8e5,pYtNM,reader_woyzeck,page35,enter,0.2353,110,woyzeck-0b748;woyzeck-23fd5;woyzeck-27381;woyzeck-2d64c;woyzeck-8c5c0;woyzeck-aca5d;woyzeck-df600;woyzeck-e447f;woyzeck-eb193
199421,1788985829663,536cad72f0d438934c7721ef7ebdd8e5,pYtNM,reader_woyzeck,page36,enter,0.2418,56,woyzeck-02694;woyzeck-02edb;woyzeck-1351c;woyzeck-16107;woyzeck-33162;woyzeck-3f82d;woyzeck-74283;woyzeck-7aa75;woyzeck-9208a;woyzeck-cd98b;woyzeck-df600;woyzeck-eced0
199422,1788985876848,536cad72f0d438934c7721ef7ebdd8e5,pYtNM,reader_woyzeck,page40,enter,0.268,65,woyzeck-08d4f;woyzeck-216ff;woyzeck-23803;woyzeck-33ba4;woyzeck-36e38;woyzeck-38364;woyzeck-544dc;woyzeck-5b617;woyzeck-5ea31;woyzeck-75c02;woyzeck-8f876;woyzeck-92338;woyzeck-95075;woyzeck-9c75d;woyzeck-a65a8;woyzeck-d6d7c;woyzeck-df863;woyzeck-e1f51;woyzeck-e4e5f;woyzeck-e7b0f;woyzeck-f54a3
199423,1788985846196,536cad72f0d438934c7721ef7ebdd8e5,pYtNM,reader_woyzeck,page37,enter,0.2484,3,woyzeck-fd57c
199424,1788985847395,536cad72f0d438934c7721ef7ebdd8e5,pYtNM,reader_woyzeck,emotion,close,reject,0,
199425,1788985848421,536cad72f0d438934c7721ef7ebdd8e5,pYtNM,reader_woyzeck,page38,enter,0.2549,46,woyzeck-01b59;woyzeck-0cdfd;woyzeck-141d3;woyzeck-1d77f;woyzeck-2e03b;woyzeck-45135;woyzeck-478e1;woyzeck-4c915;woyzeck-7496a;woyzeck-8174d;woyzeck-892e3;woyzeck-aa023;woyzeck-bb063;woyzeck-cb77e;woyzeck-fdc60
199426,1788985857542,536cad72f0d438934c7721ef7ebdd8e5,pYtNM,reader_woyzeck,page39,enter,0.2614,73,woyzeck-2888d;woyzeck-3b6dc;woyzeck-62122;woyzeck-7432e;woyzeck-82df2;woyzeck-a9cf1;woyzeck-d4b5c;woyzeck-e2869;woyzeck-e3270;woyzeck-eae50;woyzeck-ee556;woyzeck-fc870
199427,1788985893909,536cad72f0d438934c7721ef7ebdd8e5,pYtNM,reader_woyzeck,page41,enter,0.2745,15,woyzeck-0af09;woyzeck-1cb69;woyzeck-55c3a;woyzeck-67da1;woyzeck-834b9;woyzeck-c1e37;woyzeck-e4e5f
199428,1788985898002,536cad72f0d438934c7721ef7ebdd8e5,pYtNM,reader_woyzeck,page42,enter,0.281,75,woyzeck-06367;woyzeck-16099;woyzeck-186a8;woyzeck-220b4;woyzeck-2c497;woyzeck-2d0bc;woyzeck-2e1cc;woyzeck-564a3;woyzeck-59615;woyzeck-621e3;woyzeck-623cd;woyzeck-69168;woyzeck-72a10;woyzeck-7f2cc;woyzeck-82a83;woyzeck-83605;woyzeck-8d0ac;woyzeck-93791;woyzeck-9df09;woyzeck-a626e;woyzeck-a6c1f;woyzeck-a9478;woyzeck-aa4fa;woyzeck-ab3c0;woyzeck-aedb5;woyzeck-b9357;woyzeck-cb353;woyzeck-ceb91;woyzeck-d62f7;woyzeck-db77f;woyzeck-e765e;woyzeck-f08a7;woyzeck-f0906
199429,1788985915962,536cad72f0d438934c7721ef7ebdd8e5,pYtNM,reader_woyzeck,page43,enter,0.2876,62,woyzeck-01723;woyzeck-05743;woyzeck-3ad55;woyzeck-3b423;woyzeck-41bf8;woyzeck-434c7;woyzeck-4e8ce;woyzeck-6dd55;woyzeck-811a2;woyzeck-81ecb;woyzeck-a4845;woyzeck-a4e0f;woyzeck-cca5e;woyzeck-df784;woyzeck-ee433;woyzeck-f4adc
199430,1788985936549,536cad72f0d438934c7721ef7ebdd8e5,pYtNM,reader_woyzeck,page44,enter,0.2941,60,woyzeck-17c62;woyzeck-218b1;woyzeck-3b423;woyzeck-3f43f;woyzeck-64f07;woyzeck-85850;woyzeck-95e74;woyzeck-a5822;woyzeck-ac608;woyzeck-b440b;woyzeck-b7348;woyzeck-d2931;woyzeck-dabb8;woyzeck-f3539;woyzeck-f52e2
199431,1788985959664,536cad72f0d438934c7721ef7ebdd8e5,pYtNM,reader_woyzeck,page45,enter,0.3007,43,woyzeck-001dd;woyzeck-0dc80;woyzeck-18bc7;woyzeck-2f3fd;woyzeck-300d4;woyzeck-3ade5;woyzeck-3e265;woyzeck-71208;woyzeck-78d6c;woyzeck-7cca3;woyzeck-99d09;woyzeck-c033c;woyzeck-c6904;woyzeck-c7aae;woyzeck-f07c6;woyzeck-f6d71;woyzeck-f9668
199432,1788985969068,536cad72f0d438934c7721ef7ebdd8e5,pYtNM,reader_woyzeck,page46,enter,0.3072,54,woyzeck-13259;woyzeck-1dc90;woyzeck-2f60a;woyzeck-44689;woyzeck-78730;woyzeck-9ae8e;woyzeck-a566c;woyzeck-b95cb;woyzeck-bf409;woyzeck-c42e4;woyzeck-cb10e;woyzeck-d736a;woyzeck-e09a7;woyzeck-ea105
199433,1788985981567,536cad72f0d438934c7721ef7ebdd8e5,pYtNM,reader_woyzeck,page47,enter,0.3137,37,woyzeck-1d3ed;woyzeck-3b17c;woyzeck-742a2;woyzeck-80f72;woyzeck-872fc;woyzeck-ab5e6;woyzeck-da050;woyzeck-ddaae;woyzeck-e8290;woyzeck-ec01b;woyzeck-f0170
199434,1788985990453,536cad72f0d438934c7721ef7ebdd8e5,pYtNM,reader_woyzeck,page48,enter,0.3203,46,woyzeck-00680;woyzeck-10d8f;woyzeck-124a8;woyzeck-13aa2;woyzeck-1bc52;woyzeck-21304;woyzeck-42048;woyzeck-493d0;woyzeck-4a821;woyzeck-4c6a6;woyzeck-51a26;woyzeck-51e49;woyzeck-5de32;woyzeck-6be0e;woyzeck-840b9;woyzeck-86fc4;woyzeck-8717a;woyzeck-876b8;woyzeck-a9119;woyzeck-ab1c2;woyzeck-b6c94;woyzeck-cbeed;woyzeck-cde27;woyzeck-d4e2c
199435,1788986002452,536cad72f0d438934c7721ef7ebdd8e5,pYtNM,reader_woyzeck,page49,enter,0.3268,115,woyzeck-0a40e;woyzeck-10826;woyzeck-1276d;woyzeck-2c6a7;woyzeck-2d00c;woyzeck-2d4d8;woyzeck-34bf7;woyzeck-367f6;woyzeck-3d9ae;woyzeck-4354f;woyzeck-4e90e;woyzeck-53507;woyzeck-6f9ea;woyzeck-83401;woyzeck-85857;woyzeck-8a1c4;woyzeck-8f3e2;woyzeck-99def;woyzeck-a280a;woyzeck-b0364;woyzeck-bc13b;woyzeck-c260d;woyzeck-ca79b;woyzeck-d1099;woyzeck-df33d;woyzeck-e25b6;woyzeck-e695b;woyzeck-f0317;woyzeck-f075d
199436,1788986033210,536cad72f0d438934c7721ef7ebdd8e5,pYtNM,reader_woyzeck,page50,enter,0.3333,6,woyzeck-367f6;woyzeck-6978b;woyzeck-dadf0
199437,1788986034406,536cad72f0d438934c7721ef7ebdd8e5,pYtNM,reader_woyzeck,page51,enter,0.3399,93,woyzeck-18820;woyzeck-2cedd;woyzeck-39dd8;woyzeck-3d813;woyzeck-4e779;woyzeck-6def0;woyzeck-960ff;woyzeck-97f6a;woyzeck-a06ae;woyzeck-a9ea3;woyzeck-ad5a0;woyzeck-b028c;woyzeck-c0669;woyzeck-d79f3;woyzeck-d969e
199438,1788986059123,536cad72f0d438934c7721ef7ebdd8e5,pYtNM,reader_woyzeck,page52,enter,0.3464,42,woyzeck-3bf20;woyzeck-46c6d;woyzeck-55165;woyzeck-6449c;woyzeck-84e60;woyzeck-b113f;woyzeck-bd973;woyzeck-c8f48;woyzeck-d42c3;woyzeck-ebd95;woyzeck-f8f54
199439,1788986069457,536cad72f0d438934c7721ef7ebdd8e5,pYtNM,reader_woyzeck,page53,enter,0.3529,63,woyzeck-09115;woyzeck-0bdb1;woyzeck-2c3f3;woyzeck-36862;woyzeck-44b1d;woyzeck-47569;woyzeck-4df7f;woyzeck-51b89;woyzeck-76575;woyzeck-7f704;woyzeck-99f78;woyzeck-9b9f3;woyzeck-a5123;woyzeck-a536e;woyzeck-d4744;woyzeck-d8fa5;woyzeck-db043;woyzeck-dfc21;woyzeck-efb49
199440,1788986092373,536cad72f0d438934c7721ef7ebdd8e5,pYtNM,reader_woyzeck,page54,enter,0.3595,92,woyzeck-033f3;woyzeck-0a362;woyzeck-0bc54;woyzeck-0cb0a;woyzeck-28a3e;woyzeck-55074;woyzeck-79a92;woyzeck-7a56d;woyzeck-8302e;woyzeck-95471;woyzeck-a9321;woyzeck-d16ae;woyzeck-d1ab9;woyzeck-e54da;woyzeck-eb33f;woyzeck-efb49
199441,1788986119366,536cad72f0d438934c7721ef7ebdd8e5,pYtNM,reader_woyzeck,page55,enter,0.366,62,woyzeck-0f8e5;woyzeck-28bd2;woyzeck-2cafb;woyzeck-39e9a;woyzeck-49af5;woyzeck-57d31;woyzeck-6d355;woyzeck-6e1c1;woyzeck-876d1;woyzeck-8d447;woyzeck-b2324;woyzeck-b7dca;woyzeck-c257e;woyzeck-cf32a;woyzeck-d204a;woyzeck-e652e;woyzeck-f2318;woyzeck-f5b21;woyzeck-faddf
199442,1788986135761,536cad72f0d438934c7721ef7ebdd8e5,pYtNM,reader_woyzeck,page56,enter,0.3725,7,woyzeck-76c28;woyzeck-d4a98;woyzeck-d97ad
199443,1788986137558,536cad72f0d438934c7721ef7ebdd8e5,pYtNM,reader_woyzeck,page57,enter,0.3791,39,woyzeck-11feb;woyzeck-1cf5e;woyzeck-637c0;woyzeck-89ca5;woyzeck-94ee1;woyzeck-958e1;woyzeck-97fe8;woyzeck-a0c62;woyzeck-a673a;woyzeck-ac916;woyzeck-c3e3b;woyzeck-c7ff7;woyzeck-d02da;woyzeck-e2623;woyzeck-e873c;woyzeck-ec672;woyzeck-f9025
199444,1788986153667,536cad72f0d438934c7721ef7ebdd8e5,pYtNM,reader_woyzeck,page58,enter,0.3856,88,woyzeck-02f5d;woyzeck-0feed;woyzeck-312ff;woyzeck-32ffb;woyzeck-3eb53;woyzeck-4c215;woyzeck-52e4e;woyzeck-52ed0;woyzeck-5e794;woyzeck-6b54b;woyzeck-7187f;woyzeck-76baf;woyzeck-8dbdf;woyzeck-936ef;woyzeck-b9fc5;woyzeck-f124e;woyzeck-ffe64
199445,1788986182113,536cad72f0d438934c7721ef7ebdd8e5,pYtNM,reader_woyzeck,page59,enter,0.3922,77,woyzeck-160fb;woyzeck-17414;woyzeck-29a32;woyzeck-3eb53;woyzeck-43917;woyzeck-465ad;woyzeck-549fe;woyzeck-58448;woyzeck-5ad66;woyzeck-6cdaf;woyzeck-8d658;woyzeck-9f5d5;woyzeck-a8394;woyzeck-b2ebd;woyzeck-b9963;woyzeck-be078;woyzeck-d9e7c;woyzeck-dea9d;woyzeck-e6dad;woyzeck-e8678;woyzeck-fb825
199446,1788986200187,536cad72f0d438934c7721ef7ebdd8e5,pYtNM,reader_woyzeck,page58,enter,0.3856,88,woyzeck-02f5d;woyzeck-0feed;woyzeck-312ff;woyzeck-32ffb;woyzeck-3eb53;woyzeck-4c215;woyzeck-52e4e;woyzeck-52ed0;woyzeck-5e794;woyzeck-6b54b;woyzeck-7187f;woyzeck-76baf;woyzeck-8dbdf;woyzeck-936ef;woyzeck-b9fc5;woyzeck-f124e;woyzeck-ffe64
199447,1788986202982,536cad72f0d438934c7721ef7ebdd8e5,pYtNM,reader_woyzeck,page59,enter,0.3922,77,woyzeck-160fb;woyzeck-17414;woyzeck-29a32;woyzeck-3eb53;woyzeck-43917;woyzeck-465ad;woyzeck-549fe;woyzeck-58448;woyzeck-5ad66;woyzeck-6cdaf;woyzeck-8d658;woyzeck-9f5d5;woyzeck-a8394;woyzeck-b2ebd;woyzeck-b9963;woyzeck-be078;woyzeck-d9e7c;woyzeck-dea9d;woyzeck-e6dad;woyzeck-e8678;woyzeck-fb825
199448,1788986212253,536cad72f0d438934c7721ef7ebdd8e5,pYtNM,reader_woyzeck,page60,enter,0.3987,69,woyzeck-04b64;woyzeck-08cc0;woyzeck-151c6;woyzeck-21651;woyzeck-3b0e1;woyzeck-3cdf6;woyzeck-3dc31;woyzeck-41782;woyzeck-42b11;woyzeck-57da0;woyzeck-59e0b;woyzeck-63bd2;woyzeck-77cf5;woyzeck-78ac9;woyzeck-7964e;woyzeck-9036f;woyzeck-9b0eb;woyzeck-aa00e;woyzeck-c155d;woyzeck-d52ea;woyzeck-d8f71;woyzeck-ef073
199449,1788986231146,536cad72f0d438934c7721ef7ebdd8e5,pYtNM,reader_woyzeck,page61,enter,0.4052,79,woyzeck-165c7;woyzeck-2f457;woyzeck-3074b;woyzeck-38316;woyzeck-42b11;woyzeck-6f1bd;woyzeck-7cccd;woyzeck-8a067;woyzeck-a07b0;woyzeck-aee37;woyzeck-bc6eb;woyzeck-c9e11;woyzeck-d01a0;woyzeck-d3cb7;woyzeck-d7fbb;woyzeck-e63ab;woyzeck-efb96
199450,1788986256244,536cad72f0d438934c7721ef7ebdd8e5,pYtNM,reader_woyzeck,page62,enter,0.4118,3,woyzeck-7928a;woyzeck-bc6eb
199451,1788986258439,536cad72f0d438934c7721ef7ebdd8e5,pYtNM,reader_woyzeck,page63,enter,0.4183,57,woyzeck-00225;woyzeck-1dbb5;woyzeck-25821;woyzeck-2c012;woyzeck-2ea49;woyzeck-561ab;woyzeck-680c2;woyzeck-765af;woyzeck-89fe5;woyzeck-8b1ff;woyzeck-8f0ac;woyzeck-9b0d8;woyzeck-b2f69;woyzeck-bdc2a;woyzeck-c6ed9;woyzeck-d4e54;woyzeck-d9401;woyzeck-da546;woyzeck-f3fe7;woyzeck-fd703
199452,1788986267627,536cad72f0d438934c7721ef7ebdd8e5,pYtNM,second-menu,,enter,,0,
199453,1788986269168,536cad72f0d438934c7721ef7ebdd8e5,pYtNM,reader_woyzeck,,enter,woyzeck,0,
199454,1788986269188,536cad72f0d438934c7721ef7ebdd8e5,pYtNM,reader_woyzeck,page63,enter,0.4183,57,woyzeck-00225;woyzeck-1dbb5;woyzeck-25821;woyzeck-2c012;woyzeck-2ea49;woyzeck-561ab;woyzeck-680c2;woyzeck-765af;woyzeck-89fe5;woyzeck-8b1ff;woyzeck-8f0ac;woyzeck-9b0d8;woyzeck-b2f69;woyzeck-bdc2a;woyzeck-c6ed9;woyzeck-d4e54;woyzeck-d9401;woyzeck-da546;woyzeck-f3fe7;woyzeck-fd703
199455,1788986281810,536cad72f0d438934c7721ef7ebdd8e5,pYtNM,reader_woyzeck,page64,enter,0.4248,94,woyzeck-37a8a;woyzeck-4d31c;woyzeck-5b384;woyzeck-5c343;woyzeck-5c512;woyzeck-a5cd1;woyzeck-d8d47;woyzeck-e8914
199456,1788986283361,536cad72f0d438934c7721ef7ebdd8e5,pYtNM,reader_woyzeck,emotion,close,reject,0,
199457,1788986288927,536cad72f0d438934c7721ef7ebdd8e5,pYtNM,reader_woyzeck,page63,enter,0.4183,57,woyzeck-00225;woyzeck-1dbb5;woyzeck-25821;woyzeck-2c012;woyzeck-2ea49;woyzeck-561ab;woyzeck-680c2;woyzeck-765af;woyzeck-89fe5;woyzeck-8b1ff;woyzeck-8f0ac;woyzeck-9b0d8;woyzeck-b2f69;woyzeck-bdc2a;woyzeck-c6ed9;woyzeck-d4e54;woyzeck-d9401;woyzeck-da546;woyzeck-f3fe7;woyzeck-fd703
199458,1788986290161,536cad72f0d438934c7721ef7ebdd8e5,pYtNM,reader_woyzeck,page64,enter,0.4248,94,woyzeck-37a8a;woyzeck-4d31c;woyzeck-5b384;woyzeck-5c343;woyzeck-5c512;woyzeck-a5cd1;woyzeck-d8d47;woyzeck-e8914
199459,1788986294254,536cad72f0d438934c7721ef7ebdd8e5,pYtNM,reader_woyzeck,page65,enter,0.4314,59,woyzeck-182fa;woyzeck-1b15b;woyzeck-2399e;woyzeck-239d7;woyzeck-3b1c8;woyzeck-3ff0b;woyzeck-4036f;woyzeck-4576c;woyzeck-4d31c;woyzeck-6dfe2;woyzeck-794c1;woyzeck-7c075;woyzeck-8d884;woyzeck-9bd59;woyzeck-b6a96;woyzeck-c6f04;woyzeck-e1f06;woyzeck-f3648
199460,1788986309482,536cad72f0d438934c7721ef7ebdd8e5,pYtNM,reader_woyzeck,page66,enter,0.4379,84,woyzeck-17289;woyzeck-1b74c;woyzeck-1bf03;woyzeck-35410;woyzeck-3de67;woyzeck-5b7b5;woyzeck-62f43;woyzeck-6e517;woyzeck-75c44;woyzeck-85a5f;woyzeck-94cf5;woyzeck-9f037;woyzeck-a2fe0;woyzeck-a7305;woyzeck-c2a88;woyzeck-f04a0;woyzeck-f192c;woyzeck-fa120
199461,1788986334731,536cad72f0d438934c7721ef7ebdd8e5,pYtNM,reader_woyzeck,page67,enter,0.4444,84,woyzeck-00a74;woyzeck-1b74c;woyzeck-5449f;woyzeck-6e81c;woyzeck-76c64;woyzeck-92c1a;woyzeck-9c889;woyzeck-bf5dc;woyzeck-e4dac;woyzeck-ee122
199462,1788986359078,536cad72f0d438934c7721ef7ebdd8e5,pYtNM,reader_woyzeck,page68,enter,0.451,98,woyzeck-246f0;woyzeck-4227d;woyzeck-4c490;woyzeck-625dd;woyzeck-695cb;woyzeck-7bc60;woyzeck-81eef;woyzeck-957df;woyzeck-99b4c;woyzeck-a2a31;woyzeck-a7e7c;woyzeck-a8d4f;woyzeck-d1ca1;woyzeck-ed12a;woyzeck-ee122;woyzeck-f60b5
199463,1788986390165,536cad72f0d438934c7721ef7ebdd8e5,pYtNM,reader_woyzeck,page69,enter,0.4575,21,woyzeck-6329a;woyzeck-917a2;woyzeck-d1ca1
199464,1788986397305,536cad72f0d438934c7721ef7ebdd8e5,pYtNM,reader_woyzeck,page70,enter,0.4641,58,woyzeck-245b0;woyzeck-25f8d;woyzeck-38ac4;woyzeck-415ce;woyzeck-41c33;woyzeck-58872;woyzeck-5b1f0;woyzeck-5cd6d;woyzeck-7f3e1;woyzeck-83971;woyzeck-84ace;woyzeck-c07eb;woyzeck-d32be;woyzeck-d4608;woyzeck-ebde9
199465,1788986417360,536cad72f0d438934c7721ef7ebdd8e5,pYtNM,reader_woyzeck,page71,enter,0.4706,20,woyzeck-07bbf;woyzeck-9fb17;woyzeck-afb21;woyzeck-f39a1
199466,1788986423217,536cad72f0d438934c7721ef7ebdd8e5,pYtNM,reader_woyzeck,page72,enter,0.4771,64,woyzeck-1275a;woyzeck-1b82b;woyzeck-2aaac;woyzeck-2c7fe;woyzeck-34fbc;woyzeck-3f2f4;woyzeck-57fac;woyzeck-5a70e;woyzeck-72010;woyzeck-80af0;woyzeck-8be09;woyzeck-947b9;woyzeck-973e0;woyzeck-a59c6;woyzeck-ab2a9;woyzeck-bffe9;woyzeck-cb7dc;woyzeck-ccb01;woyzeck-d7847;woyzeck-f6573
199467,1788986438545,536cad72f0d438934c7721ef7ebdd8e5,pYtNM,reader_woyzeck,page73,enter,0.4837,99,woyzeck-0e2df;woyzeck-26360;woyzeck-32ff7;woyzeck-47d08;woyzeck-4a024;woyzeck-665c0;woyzeck-66af9;woyzeck-6e44b;woyzeck-a136f;woyzeck-ac63a;woyzeck-b38d9;woyzeck-b6dff;woyzeck-e754f;woyzeck-ee10d;woyzeck-f8436
199468,1788986464457,536cad72f0d438934c7721ef7ebdd8e5,pYtNM,reader_woyzeck,page74,enter,0.4902,112,woyzeck-0d76a;woyzeck-13eeb;woyzeck-2e059;woyzeck-34edd;woyzeck-6434a;woyzeck-6f5f4;woyzeck-722c8;woyzeck-7942e;woyzeck-9777c;woyzeck-9be5d;woyzeck-9f353;woyzeck-ab18d;woyzeck-b34d5;woyzeck-c4a84;woyzeck-c772c;woyzeck-c8683;woyzeck-e04b0;woyzeck-e5403
199469,1788986513251,536cad72f0d438934c7721ef7ebdd8e5,pYtNM,reader_woyzeck,page75,enter,0.4967,99,woyzeck-0ec99;woyzeck-2a676;woyzeck-30903;woyzeck-34edd;woyzeck-52620;woyzeck-714d8;woyzeck-816a8;woyzeck-826b6;woyzeck-a3f07;woyzeck-cd704;woyzeck-dec75;woyzeck-f76dd;woyzeck-f9a12
199470,1788986535917,536cad72f0d438934c7721ef7ebdd8e5,pYtNM,reader_woyzeck,page76,enter,0.5033,81,woyzeck-02154;woyzeck-17a10;woyzeck-19929;woyzeck-1fae4;woyzeck-27fb4;woyzeck-4e787;woyzeck-51315;woyzeck-6a4f6;woyzeck-a7884;woyzeck-b0d14;woyzeck-be98c;woyzeck-c6a86;woyzeck-cc670;woyzeck-f9a12
199471,1788986557554,536cad72f0d438934c7721ef7ebdd8e5,pYtNM,reader_woyzeck,page77,enter,0.5098,80,woyzeck-01639;woyzeck-09950;woyzeck-53ccc;woyzeck-54a6d;woyzeck-5a598
199472,1788986580787,536cad72f0d438934c7721ef7ebdd8e5,pYtNM,reader_woyzeck,page78,enter,0.5163,42,woyzeck-224dd;woyzeck-53548;woyzeck-667c9;woyzeck-71d41;woyzeck-9163b;woyzeck-96c5e;woyzeck-9b6ca;woyzeck-c315e;woyzeck-c3e5d;woyzeck-d1d31;woyzeck-d3a56;woyzeck-d7216;woyzeck-fff1d
199473,1788986602491,536cad72f0d438934c7721ef7ebdd8e5,pYtNM,reader_woyzeck,page79,enter,0.5229,76,woyzeck-11bc9;woyzeck-13785;woyzeck-25bf4;woyzeck-390dd;woyzeck-581f0;woyzeck-58548;woyzeck-71d41;woyzeck-7747e;woyzeck-b5f4b;woyzeck-cc535;woyzeck-cf709;woyzeck-d68c2;woyzeck-e3aef
199474,1788986628522,536cad72f0d438934c7721ef7ebdd8e5,pYtNM,reader_woyzeck,page80,enter,0.5294,90,woyzeck-117b6;woyzeck-43ec2;woyzeck-4fd7b;woyzeck-54890;woyzeck-6c79a;woyzeck-8fafc;woyzeck-c6b19;woyzeck-cc1a7;woyzeck-cf709;woyzeck-d2a98
199475,1788986649607,536cad72f0d438934c7721ef7ebdd8e5,pYtNM,reader_woyzeck,page81,leave,0.5229,90,woyzeck-117b6;woyzeck-43ec2;woyzeck-4fd7b;woyzeck-54890;woyzeck-6c79a;woyzeck-8fafc;woyzeck-c6b19;woyzeck-cc1a7;woyzeck-cf709;woyzeck-d2a98
199476,1788986698554,536cad72f0d438934c7721ef7ebdd8e5,5R19f,reader_woyzeck,page81,reenter,0.5229,90,woyzeck-117b6;woyzeck-43ec2;woyzeck-4fd7b;woyzeck-54890;woyzeck-6c79a;woyzeck-8fafc;woyzeck-c6b19;woyzeck-cc1a7;woyzeck-cf709;woyzeck-d2a98
199477,1788986700421,536cad72f0d438934c7721ef7ebdd8e5,5R19f,reader_woyzeck,mindwandering,close,reject,0,
199478,1788986718622,536cad72f0d438934c7721ef7ebdd8e5,5R19f,reader_woyzeck,page81,enter,0.5359,109,woyzeck-07996;woyzeck-0f531;woyzeck-0f8db;woyzeck-1fb2d;woyzeck-345fe;woyzeck-4513c;woyzeck-4b1a0;woyzeck-54890;woyzeck-7e3c4;woyzeck-84629;woyzeck-8d53c;woyzeck-8daf3;woyzeck-8eaec;woyzeck-9390d;woyzeck-a710f;woyzeck-abc80;woyzeck-e2862;woyzeck-ec250;woyzeck-f00d4;woyzeck-f905a
199479,1788986745533,536cad72f0d438934c7721ef7ebdd8e5,5R19f,reader_woyzeck,page82,enter,0.5425,96,woyzeck-088aa;woyzeck-26ca6;woyzeck-2e0bb;woyzeck-4561a;woyzeck-65f6b;woyzeck-730e5;woyzeck-7494b;woyzeck-84629;woyzeck-894bb;woyzeck-8f291;woyzeck-be744;woyzeck-fcc4f
199480,1788986769833,536cad72f0d438934c7721ef7ebdd8e5,5R19f,reader_woyzeck,page83,enter,0.549,91,woyzeck-057f9;woyzeck-088aa;woyzeck-22d84;woyzeck-63202;woyzeck-6635b;woyzeck-9ea9b;woyzeck-a4534;woyzeck-a6920;woyzeck-a9f9b;woyzeck-c566f;woyzeck-f55c6
199481,1788986796895,536cad72f0d438934c7721ef7ebdd8e5,5R19f,reader_woyzeck,page84,enter,0.5556,73,woyzeck-12e77;woyzeck-1b58a;woyzeck-2cc1d;woyzeck-35405;woyzeck-3944e;woyzeck-45121;woyzeck-55dff;woyzeck-63202;woyzeck-66761;woyzeck-70c55;woyzeck-758cc;woyzeck-b0bfe;woyzeck-c200c;woyzeck-e3a28
199482,1788986817000,536cad72f0d438934c7721ef7ebdd8e5,5R19f,reader_woyzeck,page85,enter,0.5621,94,woyzeck-12e77;woyzeck-2297f;woyzeck-2d3b9;woyzeck-51868;woyzeck-58668;woyzeck-7037a;woyzeck-78845;woyzeck-8bf7d;woyzeck-94ff5;woyzeck-a2d4a;woyzeck-cc44e;woyzeck-d2180;woyzeck-f7a09
199483,1788986840464,536cad72f0d438934c7721ef7ebdd8e5,5R19f,reader_woyzeck,page86,enter,0.5686,107,woyzeck-0e1d4;woyzeck-1a71b;woyzeck-2c861;woyzeck-3c6f9;woyzeck-47f9f;woyzeck-5c150;woyzeck-64a05;woyzeck-750dd;woyzeck-8b11b;woyzeck-8cfeb;woyzeck-9c061;woyzeck-a061d;woyzeck-c48a9;woyzeck-dd509;woyzeck-f5603
199484,1788986840629,536cad72f0d438934c7721ef7ebdd8e5,5R19f,reader_woyzeck,page85,enter,0.5621,94,woyzeck-12e77;woyzeck-2297f;woyzeck-2d3b9;woyzeck-51868;woyzeck-58668;woyzeck-7037a;woyzeck-78845;woyzeck-8bf7d;woyzeck-94ff5;woyzeck-a2d4a;woyzeck-cc44e;woyzeck-d2180;woyzeck-f7a09
199485,1788986843124,536cad72f0d438934c7721ef7ebdd8e5,5R19f,reader_woyzeck,page86,enter,0.5686,107,woyzeck-0e1d4;woyzeck-1a71b;woyzeck-2c861;woyzeck-3c6f9;woyzeck-47f9f;woyzeck-5c150;woyzeck-64a05;woyzeck-750dd;woyzeck-8b11b;woyzeck-8cfeb;woyzeck-9c061;woyzeck-a061d;woyzeck-c48a9;woyzeck-dd509;woyzeck-f5603
199486,1788986866507,536cad72f0d438934c7721ef7ebdd8e5,5R19f,reader_woyzeck,page87,enter,0.5752,62,woyzeck-3c644;woyzeck-448b1;woyzeck-52ad4;woyzeck-5aa2d;woyzeck-5b211;woyzeck-5c9a9;woyzeck-76df0;woyzeck-ae4d2;woyzeck-b0c27;woyzeck-b4aa0;woyzeck-bc012;woyzeck-c509a;woyzeck-c5a35;woyzeck-c63bc;woyzeck-e449a;woyzeck-fc52f
199487,1788986887710,536cad72f0d438934c7721ef7ebdd8e5,5R19f,reader_woyzeck,page88,enter,0.5817,86,woyzeck-158dc;woyzeck-1b467;woyzeck-25a80;woyzeck-2945e;woyzeck-315f8;woyzeck-51a7c;woyzeck-5480c;woyzeck-6d5c2;woyzeck-7f7c7;woyzeck-97928;woyzeck-98448;woyzeck-adabb;woyzeck-c5d4e;woyzeck-cb505;woyzeck-cfe44;woyzeck-d8fa2;woyzeck-f3d57;woyzeck-f6910
199488,1788986906667,536cad72f0d438934c7721ef7ebdd8e5,5R19f,reader_woyzeck,page89,enter,0.5882,104,woyzeck-09c48;woyzeck-16e9d;woyzeck-1f35b;woyzeck-21ae9;woyzeck-26f19;woyzeck-2e545;woyzeck-34881;woyzeck-427a7;woyzeck-46723;woyzeck-66d0a;woyzeck-723a7;woyzeck-7b70b;woyzeck-90e51;woyzeck-96790;woyzeck-9cabb;woyzeck-adefa;woyzeck-cebb9;woyzeck-cf23f;woyzeck-ff291
199489,1788986930874,536cad72f0d438934c7721ef7ebdd8e5,5R19f,reader_woyzeck,page90,enter,0.5948,15,woyzeck-56f07;woyzeck-71599;woyzeck-7c26b;woyzeck-98b16;woyzeck-cbe12;woyzeck-f5687
199490,1788986936769,536cad72f0d438934c7721ef7ebdd8e5,5R19f,reader_woyzeck,page91,enter,0.6013,89,woyzeck-0d399;woyzeck-40dfc;woyzeck-6c5a2;woyzeck-9eb1b;woyzeck-e90cb;woyzeck-eff56;woyzeck-fc2d1
199491,1788986960603,536cad72f0d438934c7721ef7ebdd8e5,5R19f,reader_woyzeck,page92,enter,0.6078,70,woyzeck-266ad;woyzeck-28269;woyzeck-288fe;woyzeck-2dfd8;woyzeck-40248;woyzeck-50d53;woyzeck-51ddb;woyzeck-592d4;woyzeck-88660;woyzeck-9cc9b;woyzeck-a33ba;woyzeck-be12e;woyzeck-df139;woyzeck-eff56;woyzeck-f9576;woyzeck-fefd7
199492,1788986961850,536cad72f0d438934c7721ef7ebdd8e5,5R19f,reader_woyzeck,emotion,close,reject,0,
199493,1788986986928,536cad72f0d438934c7721ef7ebdd8e5,5R19f,reader_woyzeck,page93,enter,0.6144,91,woyzeck-090bc;woyzeck-0dbc7;woyzeck-10258;woyzeck-288fe;woyzeck-339e7;woyzeck-36c9e;woyzeck-4a8e7;woyzeck-61a52;woyzeck-6e50e;woyzeck-9307a;woyzeck-9ba5b;woyzeck-b4d3d;woyzeck-b8290;woyzeck-db1ef
199494,1788987008036,536cad72f0d438934c7721ef7ebdd8e5,5R19f,reader_woyzeck,page94,leave,0.6078,91,woyzeck-090bc;woyzeck-0dbc7;woyzeck-10258;woyzeck-288fe;woyzeck-339e7;woyzeck-36c9e;woyzeck-4a8e7;woyzeck-61a52;woyzeck-6e50e;woyzeck-9307a;woyzeck-9ba5b;woyzeck-b4d3d;woyzeck-b8290;woyzeck-db1ef
199495,1788987031810,536cad72f0d438934c7721ef7ebdd8e5,6uPsQ,reader_woyzeck,page94,reenter,0.6078,91,woyzeck-090bc;woyzeck-0dbc7;woyzeck-10258;woyzeck-288fe;woyzeck-339e7;woyzeck-36c9e;woyzeck-4a8e7;woyzeck-61a52;woyzeck-6e50e;woyzeck-9307a;woyzeck-9ba5b;woyzeck-b4d3d;woyzeck-b8290;woyzeck-db1ef
199496,1788987034166,536cad72f0d438934c7721ef7ebdd8e5,6uPsQ,reader_woyzeck,page94,leave,0.6078,91,woyzeck-090bc;woyzeck-0dbc7;woyzeck-10258;woyzeck-288fe;woyzeck-339e7;woyzeck-36c9e;woyzeck-4a8e7;woyzeck-61a52;woyzeck-6e50e;woyzeck-9307a;woyzeck-9ba5b;woyzeck-b4d3d;woyzeck-b8290;woyzeck-db1ef
199497,1788987089091,536cad72f0d438934c7721ef7ebdd8e5,A31yQ,reader_woyzeck,page94,reenter,0.6078,91,woyzeck-090bc;woyzeck-0dbc7;woyzeck-10258;woyzeck-288fe;woyzeck-339e7;woyzeck-36c9e;woyzeck-4a8e7;woyzeck-61a52;woyzeck-6e50e;woyzeck-9307a;woyzeck-9ba5b;woyzeck-b4d3d;woyzeck-b8290;woyzeck-db1ef
199498,1788987090539,536cad72f0d438934c7721ef7ebdd8e5,A31yQ,reader_woyzeck,mindwandering,close,reject,0,
199499,1788987093862,536cad72f0d438934c7721ef7ebdd8e5,A31yQ,reader_woyzeck,page94,enter,0.6209,99,woyzeck-14667;woyzeck-2a432;woyzeck-30905;woyzeck-37143;woyzeck-5234a;woyzeck-b4d3d;woyzeck-c0b2c;woyzeck-dd888;woyzeck-e3d71;woyzeck-ebffe;woyzeck-f0aa0;woyzeck-f1fca;woyzeck-fb7ad
199500,1788987106412,536cad72f0d438934c7721ef7ebdd8e5,A31yQ,reader_woyzeck,page95,enter,0.6275,2,woyzeck-ebffe
199501,1788987107245,536cad72f0d438934c7721ef7ebdd8e5,A31yQ,reader_woyzeck,page96,enter,0.634,50,woyzeck-1737e;woyzeck-267b9;woyzeck-28d51;woyzeck-2a38d;woyzeck-3c212;woyzeck-6545b;woyzeck-76e59-2;woyzeck-7ddb3;woyzeck-7ddb3-2;woyzeck-8f16c;woyzeck-996b2;woyzeck-a8676;woyzeck-bb025;woyzeck-bd238;woyzeck-dee80;woyzeck-fda1b
199502,1788987119161,536cad72f0d438934c7721ef7ebdd8e5,A31yQ,reader_woyzeck,page97,enter,0.6405,41,woyzeck-063e8;woyzeck-0efa0;woyzeck-22fd6;woyzeck-4701c;woyzeck-490fd;woyzeck-75cad;woyzeck-7ddb3-3;woyzeck-83a61;woyzeck-9c0a2;woyzeck-9fdd4;woyzeck-a2bef;woyzeck-aa140;woyzeck-ac926;woyzeck-bf080;woyzeck-ca7f0;woyzeck-dac7c;woyzeck-f0c47;woyzeck-f5a63
199503,1788987133134,536cad72f0d438934c7721ef7ebdd8e5,A31yQ,reader_woyzeck,page98,enter,0.6471,72,woyzeck-1bea6;woyzeck-28831;woyzeck-470a7;woyzeck-5ae3b;woyzeck-68be3;woyzeck-883ce;woyzeck-8a305;woyzeck-b0ea4;woyzeck-b610d;woyzeck-bf17d;woyzeck-c3579;woyzeck-d326e;woyzeck-de44d
199504,1788987135475,536cad72f0d438934c7721ef7ebdd8e5,A31yQ,reader_woyzeck,page99,leave,0.6405,72,woyzeck-1bea6;woyzeck-28831;woyzeck-470a7;woyzeck-5ae3b;woyzeck-68be3;woyzeck-883ce;woyzeck-8a305;woyzeck-b0ea4;woyzeck-b610d;woyzeck-bf17d;woyzeck-c3579;woyzeck-d326e;woyzeck-de44d
199505,1788987144121,536cad72f0d438934c7721ef7ebdd8e5,zd6cb,reader_woyzeck,page99,reenter,0.6405,72,woyzeck-1bea6;woyzeck-28831;woyzeck-470a7;woyzeck-5ae3b;woyzeck-68be3;woyzeck-883ce;woyzeck-8a305;woyzeck-b0ea4;woyzeck-b610d;woyzeck-bf17d;woyzeck-c3579;woyzeck-d326e;woyzeck-de44d
199506,1788987135475,536cad72f0d438934c7721ef7ebdd8e5,A31yQ,reader_woyzeck,page99,leave,0.6405,72,woyzeck-1bea6;woyzeck-28831;woyzeck-470a7;woyzeck-5ae3b;woyzeck-68be3;woyzeck-883ce;woyzeck-8a305;woyzeck-b0ea4;woyzeck-b610d;woyzeck-bf17d;woyzeck-c3579;woyzeck-d326e;woyzeck-de44d
199507,1788987173870,536cad72f0d438934c7721ef7ebdd8e5,zd6cb,reader_woyzeck,page100,enter,0.6601,55,woyzeck-1257f;woyzeck-2586c;woyzeck-278de;woyzeck-34cd7;woyzeck-5828a;woyzeck-655f0;woyzeck-65664;woyzeck-6e4df;woyzeck-77754;woyzeck-784f1;woyzeck-89f0e;woyzeck-9b8be;woyzeck-a831a;woyzeck-afc6e;woyzeck-cfad3;woyzeck-e8b3e;woyzeck-e99a1;woyzeck-f0ded;woyzeck-f71f6
199508,1788987190013,536cad72f0d438934c7721ef7ebdd8e5,zd6cb,reader_woyzeck,page101,enter,0.6667,59,woyzeck-0b6f7;woyzeck-0f728;woyzeck-145e6;woyzeck-2f557;woyzeck-39595;woyzeck-42181;woyzeck-523df;woyzeck-5fc75;woyzeck-662cd;woyzeck-74ace;woyzeck-851f1;woyzeck-906b1;woyzeck-a6c90;woyzeck-af36a;woyzeck-c86f9;woyzeck-cfaff;woyzeck-ec7fc
199509,1788987192441,536cad72f0d438934c7721ef7ebdd8e5,zd6cb,reader_woyzeck,page102,leave,0.6601,59,woyzeck-0b6f7;woyzeck-0f728;woyzeck-145e6;woyzeck-2f557;woyzeck-39595;woyzeck-42181;woyzeck-523df;woyzeck-5fc75;woyzeck-662cd;woyzeck-74ace;woyzeck-851f1;woyzeck-906b1;woyzeck-a6c90;woyzeck-af36a;woyzeck-c86f9;woyzeck-cfaff;woyzeck-ec7fc
199510,1788987291847,536cad72f0d438934c7721ef7ebdd8e5,3Xrnk,reader_woyzeck,page102,reenter,0.6601,59,woyzeck-0b6f7;woyzeck-0f728;woyzeck-145e6;woyzeck-2f557;woyzeck-39595;woyzeck-42181;woyzeck-523df;woyzeck-5fc75;woyzeck-662cd;woyzeck-74ace;woyzeck-851f1;woyzeck-906b1;woyzeck-a6c90;woyzeck-af36a;woyzeck-c86f9;woyzeck-cfaff;woyzeck-ec7fc
199511,1788987293425,536cad72f0d438934c7721ef7ebdd8e5,3Xrnk,reader_woyzeck,mindwandering,close,reject,0,
199512,1788987304535,536cad72f0d438934c7721ef7ebdd8e5,3Xrnk,reader_woyzeck,page102,enter,0.6732,73,woyzeck-1793e;woyzeck-2eb0d;woyzeck-33ef7;woyzeck-368c3;woyzeck-4accf;woyzeck-5462f;woyzeck-64573;woyzeck-9f713;woyzeck-a26ca;woyzeck-ac689;woyzeck-b6259;woyzeck-b66ef;woyzeck-c19c0;woyzeck-c3602;woyzeck-c8308;woyzeck-cbb01;woyzeck-fb127;woyzeck-fdb2c
199513,1788987319049,536cad72f0d438934c7721ef7ebdd8e5,3Xrnk,reader_woyzeck,page103,enter,0.6797,78,woyzeck-10c23;woyzeck-160fb-2;woyzeck-1e332;woyzeck-29a32-2;woyzeck-33ef7;woyzeck-357eb;woyzeck-3c1ea;woyzeck-412e7;woyzeck-43917-2;woyzeck-4ddc1;woyzeck-58448-2;woyzeck-5f33d;woyzeck-6bc5e;woyzeck-8c5e1;woyzeck-99460;woyzeck-9cb66;woyzeck-a8394-2;woyzeck-b9963-2;woyzeck-c3115;woyzeck-d9e7c-2;woyzeck-dea9d-2;woyzeck-e4893;woyzeck-ea9f9
199514,1788987329981,536cad72f0d438934c7721ef7ebdd8e5,3Xrnk,reader_woyzeck,page104,enter,0.6863,47,woyzeck-0c221;woyzeck-184eb;woyzeck-2bad8;woyzeck-30a84;woyzeck-311f9;woyzeck-3d315;woyzeck-50095;woyzeck-596e1;woyzeck-611f9;woyzeck-62649;woyzeck-653e3;woyzeck-8c43b;woyzeck-9827b;woyzeck-9f5d5-2;woyzeck-a754a;woyzeck-b17a6
199515,1788987331012,536cad72f0d438934c7721ef7ebdd8e5,3Xrnk,reader_woyzeck,page105,enter,0.6928,55,woyzeck-0d428;woyzeck-0ecfb;woyzeck-3f4df;woyzeck-49d09;woyzeck-66d17;woyzeck-786c6;woyzeck-88b14;woyzeck-8c0f0;woyzeck-ae21e;woyzeck-c4367;woyzeck-d2d4a;woyzeck-d9b02;woyzeck-e1e74;woyzeck-f7d70
199516,1788987332077,536cad72f0d438934c7721ef7ebdd8e5,3Xrnk,reader_woyzeck,page106,enter,0.6993,5,woyzeck-1ced1;woyzeck-536a6;woyzeck-cf61f;woyzeck-dbabc
199517,1788987333308,536cad72f0d438934c7721ef7ebdd8e5,3Xrnk,reader_woyzeck,page107,enter,0.7059,64,woyzeck-05095;woyzeck-35e56;woyzeck-36e5a;woyzeck-3a85a;woyzeck-3ab17;woyzeck-8ff25;woyzeck-925e6;woyzeck-a5f03;woyzeck-acb84;woyzeck-ada83;woyzeck-b3125;woyzeck-d4354;woyzeck-e66a1;woyzeck-ee650;woyzeck-f6253;woyzeck-fc833;woyzeck-fd42f
199518,1788987347172,536cad72f0d438934c7721ef7ebdd8e5,3Xrnk,reader_woyzeck,page108,enter,0.7124,100,woyzeck-0a888;woyzeck-0db2c;woyzeck-0fdee;woyzeck-27d09;woyzeck-45a24;woyzeck-50ee9;woyzeck-55140;woyzeck-85714;woyzeck-87a63;woyzeck-889d2;woyzeck-dc63e;woyzeck-f85d0
199519,1788987351900,536cad72f0d438934c7721ef7ebdd8e5,3Xrnk,reader_woyzeck,page109,enter,0.719,48,woyzeck-0135b;woyzeck-0b99a;woyzeck-0ba0e;woyzeck-2f668;woyzeck-4096c;woyzeck-4ef05;woyzeck-609e2;woyzeck-65637;woyzeck-66d5b;woyzeck-66f29;woyzeck-6822a;woyzeck-950fd;woyzeck-9f9f7;woyzeck-c4629;woyzeck-c6da6;woyzeck-e04a8;woyzeck-e38eb
199520,1788987362200,536cad72f0d438934c7721ef7ebdd8e5,3Xrnk,reader_woyzeck,page110,enter,0.7255,64,woyzeck-1ff85;woyzeck-2f668;woyzeck-30b7e;woyzeck-3aab7;woyzeck-3d1b3;woyzeck-5fc95;woyzeck-61cc5;woyzeck-7f571;woyzeck-8e8bb;woyzeck-8ef2f;woyzeck-9972b;woyzeck-a62b4;woyzeck-b3d0f;woyzeck-cb846;woyzeck-e7555;woyzeck-ea5ec
199521,1788987370254,536cad72f0d438934c7721ef7ebdd8e5,3Xrnk,reader_woyzeck,page111,enter,0.732,75,woyzeck-3719c;woyzeck-3df04;woyzeck-41714;woyzeck-67139;woyzeck-813c3;woyzeck-87714;woyzeck-8da1b;woyzeck-94dc9;woyzeck-9c6ea;woyzeck-b7c3a;woyzeck-bf9fe;woyzeck-db56d;woyzeck-dd3fe
199522,1788987388515,536cad72f0d438934c7721ef7ebdd8e5,3Xrnk,reader_woyzeck,page112,leave,0.7255,75,woyzeck-3719c;woyzeck-3df04;woyzeck-41714;woyzeck-67139;woyzeck-813c3;woyzeck-87714;woyzeck-8da1b;woyzeck-94dc9;woyzeck-9c6ea;woyzeck-b7c3a;woyzeck-bf9fe;woyzeck-db56d;woyzeck-dd3fe
199523,1788987417734,536cad72f0d438934c7721ef7ebdd8e5,V9BTw,reader_woyzeck,page113,enter,0.7451,75,woyzeck-0a8b5;woyzeck-1577c;woyzeck-1e685;woyzeck-1fe9f;woyzeck-2532b;woyzeck-28857;woyzeck-28898;woyzeck-2c1fc;woyzeck-33961;woyzeck-34524;woyzeck-35594;woyzeck-3e6a2;woyzeck-45749;woyzeck-4c27a;woyzeck-50c9f;woyzeck-7d0ac;woyzeck-9f2a1-3;woyzeck-aa5c0;woyzeck-b8b1f;woyzeck-c16da;woyzeck-cead4;woyzeck-d93b7
199524,1788987405189,536cad72f0d438934c7721ef7ebdd8e5,V9BTw,reader_woyzeck,page112,reenter,0.7255,75,woyzeck-3719c;woyzeck-3df04;woyzeck-41714;woyzeck-67139;woyzeck-813c3;woyzeck-87714;woyzeck-8da1b;woyzeck-94dc9;woyzeck-9c6ea;woyzeck-b7c3a;woyzeck-bf9fe;woyzeck-db56d;woyzeck-dd3fe
199525,1788987425556,536cad72f0d438934c7721ef7ebdd8e5,V9BTw,reader_woyzeck,page114,enter,0.7516,101,woyzeck-3e6a2;woyzeck-4d131;woyzeck-6a4d3;woyzeck-84dc7;woyzeck-a98e6;woyzeck-aaa2b;woyzeck-b687c;woyzeck-d24bd;woyzeck-d6672;woyzeck-d9949;woyzeck-df5b6;woyzeck-e7060;woyzeck-ee41f
199526,1788987443415,536cad72f0d438934c7721ef7ebdd8e5,V9BTw,reader_woyzeck,page115,enter,0.7582,106,woyzeck-0075e;woyzeck-0cff0;woyzeck-21070;woyzeck-2a621;woyzeck-2f404;woyzeck-43dcc;woyzeck-48318;woyzeck-4af03;woyzeck-4db77;woyzeck-90154;woyzeck-94332;woyzeck-d9949;woyzeck-fc04f
199527,1788987457229,536cad72f0d438934c7721ef7ebdd8e5,V9BTw,reader_woyzeck,page116,enter,0.7647,111,woyzeck-21e2e;woyzeck-2b00e;woyzeck-2f404;woyzeck-5aeba;woyzeck-740a1;woyzeck-78709;woyzeck-7892c;woyzeck-9cbae;woyzeck-9f16e;woyzeck-b8817;woyzeck-c838e;woyzeck-d9d68;woyzeck-dbefa
199528,1788987484224,536cad72f0d438934c7721ef7ebdd8e5,V9BTw,reader_woyzeck,page117,enter,0.7712,41,woyzeck-4d7b4;woyzeck-8b818;woyzeck-bbd79;woyzeck-dbcac;woyzeck-dbf61;woyzeck-f67ab
199529,1788987493079,536cad72f0d438934c7721ef7ebdd8e5,V9BTw,reader_woyzeck,page118,enter,0.7778,68,woyzeck-177e8;woyzeck-1836c;woyzeck-28ae2;woyzeck-3f9a0;woyzeck-4cd74;woyzeck-5ae63;woyzeck-74bc3;woyzeck-7d218;woyzeck-94d7c;woyzeck-97945;woyzeck-a30d6;woyzeck-c988d;woyzeck-cb069;woyzeck-d968e;woyzeck-dddf3;woyzeck-e02c4
199530,1788987519942,536cad72f0d438934c7721ef7ebdd8e5,V9BTw,reader_woyzeck,page119,enter,0.7843,38,woyzeck-04ffd;woyzeck-06b37;woyzeck-09286;woyzeck-1e596;woyzeck-55ef1;woyzeck-81a25;woyzeck-88622;woyzeck-8dd8b;woyzeck-a11cd;woyzeck-b581b;woyzeck-c7fc3;woyzeck-cc308;woyzeck-ced81;woyzeck-da077;woyzeck-eca97;woyzeck-f1a7a;woyzeck-f3ebd;woyzeck-f9ea0
199531,1788987537883,536cad72f0d438934c7721ef7ebdd8e5,V9BTw,reader_woyzeck,page120,enter,0.7908,75,woyzeck-0f958;woyzeck-1359a;woyzeck-18212;woyzeck-28319;woyzeck-37b5e;woyzeck-3bb4c;woyzeck-3d260;woyzeck-442dc;woyzeck-680d0;woyzeck-68a5b;woyzeck-8276a;woyzeck-9019e;woyzeck-b1a6e;woyzeck-b47d5;woyzeck-ba60c;woyzeck-cbe8b;woyzeck-da837;woyzeck-e69ac;woyzeck-fbabb
199532,1788987555359,536cad72f0d438934c7721ef7ebdd8e5,V9BTw,reader_woyzeck,page121,enter,0.7974,61,woyzeck-0988d;woyzeck-0f958;woyzeck-2720f;woyzeck-2eed3;woyzeck-48d5e;woyzeck-4a95a;woyzeck-52c29;woyzeck-7fe73;woyzeck-8ef4d;woyzeck-97f3a;woyzeck-b041d;woyzeck-d3d36;woyzeck-d5e5c
199533,1788987568410,536cad72f0d438934c7721ef7ebdd8e5,V9BTw,reader_woyzeck,page122,enter,0.8039,7,woyzeck-24ef3;woyzeck-498c7;woyzeck-6ddd2;woyzeck-c6d3c
199534,1788987572136,536cad72f0d438934c7721ef7ebdd8e5,V9BTw,reader_woyzeck,page123,enter,0.8105,57,woyzeck-0382e;woyzeck-08802;woyzeck-10e1c;woyzeck-31695;woyzeck-5a70e-2;woyzeck-7ebea;woyzeck-92f4d;woyzeck-9cf0a;woyzeck-a3b8b;woyzeck-bffe9-2;woyzeck-c322a;woyzeck-cca15;woyzeck-d17d2;woyzeck-d2567;woyzeck-e76e5;woyzeck-f3763
199535,1788987583806,536cad72f0d438934c7721ef7ebdd8e5,V9BTw,reader_woyzeck,page124,enter,0.817,95,woyzeck-044ba;woyzeck-220d0;woyzeck-3bb88;woyzeck-4430b;woyzeck-64cf2;woyzeck-653c4;woyzeck-665b9;woyzeck-7a1b5;woyzeck-9f9bf;woyzeck-a863d;woyzeck-d6704;woyzeck-d6749;woyzeck-df323
199536,1788987590961,536cad72f0d438934c7721ef7ebdd8e5,V9BTw,reader_woyzeck,page125,enter,0.8235,108,woyzeck-017bf;woyzeck-043f9;woyzeck-10bd0;woyzeck-1775a;woyzeck-55326;woyzeck-5c36b;woyzeck-6bd29;woyzeck-816a8-2;woyzeck-8645d;woyzeck-906bd;woyzeck-ca62d;woyzeck-d41e2;woyzeck-fdff9
199537,1788987595956,536cad72f0d438934c7721ef7ebdd8e5,V9BTw,reader_woyzeck,page126,enter,0.8301,84,woyzeck-033cc;woyzeck-0a78f;woyzeck-1dc8e;woyzeck-20403;woyzeck-2457a;woyzeck-7796e;woyzeck-816a8-2;woyzeck-88acd;woyzeck-a718c;woyzeck-c7a42;woyzeck-cd704-2;woyzeck-ed4a4
199538,1788987597090,536cad72f0d438934c7721ef7ebdd8e5,V9BTw,reader_woyzeck,emotion,close,reject,0,
199539,1788987597620,536cad72f0d438934c7721ef7ebdd8e5,V9BTw,reader_woyzeck,page125,enter,0.8235,108,woyzeck-017bf;woyzeck-043f9;woyzeck-10bd0;woyzeck-1775a;woyzeck-55326;woyzeck-5c36b;woyzeck-6bd29;woyzeck-816a8-2;woyzeck-8645d;woyzeck-906bd;woyzeck-ca62d;woyzeck-d41e2;woyzeck-fdff9
199540,1788987597951,536cad72f0d438934c7721ef7ebdd8e5,V9BTw,reader_woyzeck,page124,enter,0.817,95,woyzeck-044ba;woyzeck-220d0;woyzeck-3bb88;woyzeck-4430b;woyzeck-64cf2;woyzeck-653c4;woyzeck-665b9;woyzeck-7a1b5;woyzeck-9f9bf;woyzeck-a863d;woyzeck-d6704;woyzeck-d6749;woyzeck-df323
199541,1788987598284,536cad72f0d438934c7721ef7ebdd8e5,V9BTw,reader_woyzeck,page123,enter,0.8105,57,woyzeck-0382e;woyzeck-08802;woyzeck-10e1c;woyzeck-31695;woyzeck-5a70e-2;woyzeck-7ebea;woyzeck-92f4d;woyzeck-9cf0a;woyzeck-a3b8b;woyzeck-bffe9-2;woyzeck-c322a;woyzeck-cca15;woyzeck-d17d2;woyzeck-d2567;woyzeck-e76e5;woyzeck-f3763
199542,1788987598648,536cad72f0d438934c7721ef7ebdd8e5,V9BTw,reader_woyzeck,page122,enter,0.8039,7,woyzeck-24ef3;woyzeck-498c7;woyzeck-6ddd2;woyzeck-c6d3c
199543,1788987599316,536cad72f0d438934c7721ef7ebdd8e5,V9BTw,reader_woyzeck,page123,enter,0.8105,57,woyzeck-0382e;woyzeck-08802;woyzeck-10e1c;woyzeck-31695;woyzeck-5a70e-2;woyzeck-7ebea;woyzeck-92f4d;woyzeck-9cf0a;woyzeck-a3b8b;woyzeck-bffe9-2;woyzeck-c322a;woyzeck-cca15;woyzeck-d17d2;woyzeck-d2567;woyzeck-e76e5;woyzeck-f3763
199544,1788987599915,536cad72f0d438934c7721ef7ebdd8e5,V9BTw,reader_woyzeck,page124,enter,0.817,95,woyzeck-044ba;woyzeck-220d0;woyzeck-3bb88;woyzeck-4430b;woyzeck-64cf2;woyzeck-653c4;woyzeck-665b9;woyzeck-7a1b5;woyzeck-9f9bf;woyzeck-a863d;woyzeck-d6704;woyzeck-d6749;woyzeck-df323
199545,1788987600247,536cad72f0d438934c7721ef7ebdd8e5,V9BTw,reader_woyzeck,page125,enter,0.8235,108,woyzeck-017bf;woyzeck-043f9;woyzeck-10bd0;woyzeck-1775a;woyzeck-55326;woyzeck-5c36b;woyzeck-6bd29;woyzeck-816a8-2;woyzeck-8645d;woyzeck-906bd;woyzeck-ca62d;woyzeck-d41e2;woyzeck-fdff9
199546,1788987618768,536cad72f0d438934c7721ef7ebdd8e5,ZgOTC,reader_woyzeck,page126,reenter,0.817,108,woyzeck-017bf;woyzeck-043f9;woyzeck-10bd0;woyzeck-1775a;woyzeck-55326;woyzeck-5c36b;woyzeck-6bd29;woyzeck-816a8-2;woyzeck-8645d;woyzeck-906bd;woyzeck-ca62d;woyzeck-d41e2;woyzeck-fdff9
199547,1788987601686,536cad72f0d438934c7721ef7ebdd8e5,V9BTw,reader_woyzeck,page126,leave,0.817,108,woyzeck-017bf;woyzeck-043f9;woyzeck-10bd0;woyzeck-1775a;woyzeck-55326;woyzeck-5c36b;woyzeck-6bd29;woyzeck-816a8-2;woyzeck-8645d;woyzeck-906bd;woyzeck-ca62d;woyzeck-d41e2;woyzeck-fdff9
199548,1788987624276,536cad72f0d438934c7721ef7ebdd8e5,ZgOTC,reader_woyzeck,page127,enter,0.8366,71,woyzeck-21374;woyzeck-2e782;woyzeck-52e52;woyzeck-6c935;woyzeck-9a1a7;woyzeck-9fecc;woyzeck-a6090;woyzeck-abb0c;woyzeck-bca6c;woyzeck-c011c;woyzeck-c57d1;woyzeck-f0096;woyzeck-fe113
199549,1788987640256,536cad72f0d438934c7721ef7ebdd8e5,ZgOTC,reader_woyzeck,page128,enter,0.8431,42,woyzeck-01653;woyzeck-0af50;woyzeck-0eb6f;woyzeck-2aaa1;woyzeck-50637;woyzeck-6def1;woyzeck-7f174;woyzeck-83e56;woyzeck-84262;woyzeck-84440;woyzeck-8994f;woyzeck-b46b9;woyzeck-bcad1;woyzeck-d25bb;woyzeck-dd2f1;woyzeck-fe7c6
199550,1788987649208,536cad72f0d438934c7721ef7ebdd8e5,ZgOTC,reader_woyzeck,page129,enter,0.8497,99,woyzeck-01026;woyzeck-0a204;woyzeck-11937;woyzeck-284cb;woyzeck-47074;woyzeck-48a34;woyzeck-4b879;woyzeck-5f07a;woyzeck-71d4b;woyzeck-7e4c0;woyzeck-a3289;woyzeck-d082d;woyzeck-ec937;woyzeck-feb21
199551,1788987670747,536cad72f0d438934c7721ef7ebdd8e5,ZgOTC,reader_woyzeck,page130,enter,0.8562,98,woyzeck-124bf;woyzeck-42891;woyzeck-47420;woyzeck-9eaf6;woyzeck-a3289;woyzeck-c4211
199552,1788987673039,536cad72f0d438934c7721ef7ebdd8e5,ZgOTC,reader_woyzeck,page129,enter,0.8497,99,woyzeck-01026;woyzeck-0a204;woyzeck-11937;woyzeck-284cb;woyzeck-47074;woyzeck-48a34;woyzeck-4b879;woyzeck-5f07a;woyzeck-71d4b;woyzeck-7e4c0;woyzeck-a3289;woyzeck-d082d;woyzeck-ec937;woyzeck-feb21
199553,1788987673873,536cad72f0d438934c7721ef7ebdd8e5,ZgOTC,reader_woyzeck,page130,enter,0.8562,98,woyzeck-124bf;woyzeck-42891;woyzeck-47420;woyzeck-9eaf6;woyzeck-a3289;woyzeck-c4211
199554,1788987681561,536cad72f0d438934c7721ef7ebdd8e5,ZgOTC,reader_woyzeck,page129,enter,0.8497,99,woyzeck-01026;woyzeck-0a204;woyzeck-11937;woyzeck-284cb;woyzeck-47074;woyzeck-48a34;woyzeck-4b879;woyzeck-5f07a;woyzeck-71d4b;woyzeck-7e4c0;woyzeck-a3289;woyzeck-d082d;woyzeck-ec937;woyzeck-feb21
199555,1788987682426,536cad72f0d438934c7721ef7ebdd8e5,ZgOTC,reader_woyzeck,page130,enter,0.8562,98,woyzeck-124bf;woyzeck-42891;woyzeck-47420;woyzeck-9eaf6;woyzeck-a3289;woyzeck-c4211
199556,1788987701617,536cad72f0d438934c7721ef7ebdd8e5,ZgOTC,reader_woyzeck,page131,enter,0.8627,73,woyzeck-00f1a;woyzeck-0a3c2;woyzeck-2009e;woyzeck-30f5a;woyzeck-4aada;woyzeck-4ecb0;woyzeck-6c39c;woyzeck-8c8c1;woyzeck-a710f-2;woyzeck-cd124;woyzeck-d8baf;woyzeck-df5ce;woyzeck-ec250-2
199557,1788987704944,536cad72f0d438934c7721ef7ebdd8e5,ZgOTC,reader_woyzeck,page132,leave,0.8562,73,woyzeck-00f1a;woyzeck-0a3c2;woyzeck-2009e;woyzeck-30f5a;woyzeck-4aada;woyzeck-4ecb0;woyzeck-6c39c;woyzeck-8c8c1;woyzeck-a710f-2;woyzeck-cd124;woyzeck-d8baf;woyzeck-df5ce;woyzeck-ec250-2
199558,1788987739750,536cad72f0d438934c7721ef7ebdd8e5,EtmUW,reader_woyzeck,page132,reenter,0.8562,73,woyzeck-00f1a;woyzeck-0a3c2;woyzeck-2009e;woyzeck-30f5a;woyzeck-4aada;woyzeck-4ecb0;woyzeck-6c39c;woyzeck-8c8c1;woyzeck-a710f-2;woyzeck-cd124;woyzeck-d8baf;woyzeck-df5ce;woyzeck-ec250-2
199559,1788987745553,536cad72f0d438934c7721ef7ebdd8e5,EtmUW,reader_woyzeck,page133,enter,0.8758,25,woyzeck-147a8;woyzeck-453c9;woyzeck-68e5b;woyzeck-7c11d;woyzeck-87811;woyzeck-97dd0;woyzeck-9e8a2;woyzeck-aaa27;woyzeck-b4368-2;woyzeck-bdc4d;woyzeck-c863c;woyzeck-d8106;woyzeck-efbc4;woyzeck-f1a0e;woyzeck-f2931;woyzeck-f7625
199560,1788987753543,536cad72f0d438934c7721ef7ebdd8e5,EtmUW,reader_woyzeck,page134,enter,0.8824,46,woyzeck-05743-2;woyzeck-17af0;woyzeck-2e3d0;woyzeck-3259c;woyzeck-3cd8b;woyzeck-3da92;woyzeck-4dd74;woyzeck-6024e;woyzeck-6271e;woyzeck-65026;woyzeck-6a348;woyzeck-7ec19;woyzeck-a040a;woyzeck-bdf96;woyzeck-c3e47;woyzeck-c9a30;woyzeck-eee58
199561,1788987765161,536cad72f0d438934c7721ef7ebdd8e5,EtmUW,reader_woyzeck,page135,enter,0.8889,39,woyzeck-0c414;woyzeck-0c793;woyzeck-17bd3;woyzeck-17e55;woyzeck-19f0f;woyzeck-26a20;woyzeck-32629;woyzeck-536f8;woyzeck-66d49;woyzeck-7c781;woyzeck-7ccf0;woyzeck-90eeb;woyzeck-b981e;woyzeck-d0d0d;woyzeck-d8ccd;woyzeck-dca96;woyzeck-ef9b0
199562,1788987773916,536cad72f0d438934c7721ef7ebdd8e5,EtmUW,reader_woyzeck,page136,enter,0.8954,62,woyzeck-0e9a7;woyzeck-1df18;woyzeck-216bf;woyzeck-3312a;woyzeck-35946;woyzeck-39b9a;woyzeck-6e5b3;woyzeck-7a96f;woyzeck-86929;woyzeck-925ac;woyzeck-9b2a7;woyzeck-a2bef-2;woyzeck-a7abf;woyzeck-b0a33;woyzeck-dda55
199563,1788987791245,536cad72f0d438934c7721ef7ebdd8e5,EtmUW,reader_woyzeck,page137,enter,0.902,84,woyzeck-1f9c4;woyzeck-21333;woyzeck-2cc78;woyzeck-3e23e;woyzeck-57d64;woyzeck-586a6;woyzeck-624f9;woyzeck-76402;woyzeck-7b7a1;woyzeck-90e9f;woyzeck-a2e4f;woyzeck-c46f6;woyzeck-d0372;woyzeck-d1866;woyzeck-eb69e;woyzeck-ef4da;woyzeck-f0f4b
199564,1788987802543,536cad72f0d438934c7721ef7ebdd8e5,EtmUW,reader_woyzeck,page138,enter,0.9085,101,woyzeck-26dca;woyzeck-27849;woyzeck-308f6;woyzeck-3cc43;woyzeck-5e6af;woyzeck-63357;woyzeck-68d43;woyzeck-75721;woyzeck-7ef63;woyzeck-8f001;woyzeck-9ee4a;woyzeck-a1041;woyzeck-a614a;woyzeck-a85b9;woyzeck-ab564;woyzeck-ba8a4;woyzeck-c2eaa;woyzeck-ca62e;woyzeck-cb3c1;woyzeck-d370e;woyzeck-f1d0d;woyzeck-f5caf
199565,1788987827662,536cad72f0d438934c7721ef7ebdd8e5,EtmUW,reader_woyzeck,page139,enter,0.915,116,woyzeck-27849;woyzeck-30b1e;woyzeck-40d04;woyzeck-44c8f;woyzeck-68eac;woyzeck-cc935;woyzeck-de484
199566,1788987834724,536cad72f0d438934c7721ef7ebdd8e5,EtmUW,second-menu,,enter,,0,
199567,1788987836480,536cad72f0d438934c7721ef7ebdd8e5,EtmUW,reader_woyzeck,,enter,woyzeck,0,
199568,1788987836496,536cad72f0d438934c7721ef7ebdd8e5,EtmUW,reader_woyzeck,page139,enter,0.915,116,woyzeck-27849;woyzeck-30b1e;woyzeck-40d04;woyzeck-44c8f;woyzeck-68eac;woyzeck-cc935;woyzeck-de484
199569,1788987845904,536cad72f0d438934c7721ef7ebdd8e5,EtmUW,reader_woyzeck,page140,enter,0.9216,13,woyzeck-44c8f
199570,1788987848204,536cad72f0d438934c7721ef7ebdd8e5,EtmUW,reader_woyzeck,page141,enter,0.9281,53,woyzeck-03f83;woyzeck-2eada;woyzeck-3d93d;woyzeck-71770;woyzeck-903de;woyzeck-9d847;woyzeck-9dad6;woyzeck-9ee5f;woyzeck-9f3fc;woyzeck-bec9c;woyzeck-befc4;woyzeck-e5753;woyzeck-f2f04;woyzeck-feb36
199571,1788987849188,536cad72f0d438934c7721ef7ebdd8e5,EtmUW,reader_woyzeck,emotion,close,reject,0,
199572,1788987864644,536cad72f0d438934c7721ef7ebdd8e5,EtmUW,reader_woyzeck,page142,enter,0.9346,67,woyzeck-1fc8d;woyzeck-2e569;woyzeck-3bbe3;woyzeck-4094d;woyzeck-4884f;woyzeck-5047e;woyzeck-7bd85;woyzeck-a6724;woyzeck-b997d;woyzeck-cb294;woyzeck-d3d80;woyzeck-d765d;woyzeck-da05b;woyzeck-e4371;woyzeck-f34e3;woyzeck-fe553
199573,1788987881057,536cad72f0d438934c7721ef7ebdd8e5,EtmUW,reader_woyzeck,page143,enter,0.9412,12,woyzeck-3f027;woyzeck-b2660
199574,1788987883986,536cad72f0d438934c7721ef7ebdd8e5,EtmUW,reader_woyzeck,page144,enter,0.9477,77,woyzeck-0d155;woyzeck-2c143;woyzeck-301e9;woyzeck-42c5c;woyzeck-49ff6;woyzeck-53631;woyzeck-61b73;woyzeck-674cd;woyzeck-71427;woyzeck-860cc;woyzeck-ad607;woyzeck-b8155;woyzeck-cd9fc;woyzeck-d18ea;woyzeck-d723e;woyzeck-de011;woyzeck-e9b40;woyzeck-fbb95;woyzeck-fc088
199575,1788987903639,536cad72f0d438934c7721ef7ebdd8e5,EtmUW,reader_woyzeck,page145,enter,0.9542,43,woyzeck-04baa;woyzeck-229f9;woyzeck-31d3c;woyzeck-5d4a6;woyzeck-5e05b;woyzeck-70120;woyzeck-78164;woyzeck-84a15;woyzeck-90249;woyzeck-a2ec0;woyzeck-adde3;woyzeck-d6ab0;woyzeck-e9b40;woyzeck-edc98
199576,1788987916889,536cad72f0d438934c7721ef7ebdd8e5,EtmUW,reader_woyzeck,page146,enter,0.9608,63,woyzeck-08335;woyzeck-1cf40;woyzeck-20afe;woyzeck-2b4f9;woyzeck-4084d;woyzeck-47dbf;woyzeck-49e93;woyzeck-4ea1c;woyzeck-5c562;woyzeck-5f697;woyzeck-7f8ec;woyzeck-81261;woyzeck-81445;woyzeck-96426;woyzeck-a1658;woyzeck-a9ea5;woyzeck-e80bc
199577,1788987936474,536cad72f0d438934c7721ef7ebdd8e5,EtmUW,reader_woyzeck,page147,enter,0.9673,24,woyzeck-00ad1;woyzeck-118ca;woyzeck-3ec8a;woyzeck-53c39;woyzeck-5c1b7;woyzeck-98202;woyzeck-a0344;woyzeck-b1602;woyzeck-d7221;woyzeck-eca71;woyzeck-f58ce
199578,1788987944362,536cad72f0d438934c7721ef7ebdd8e5,EtmUW,reader_woyzeck,page148,enter,0.9739,98,woyzeck-03540;woyzeck-15c33;woyzeck-1dfd0;woyzeck-20213;woyzeck-26f44;woyzeck-3c7a0;woyzeck-3e041;woyzeck-45528;woyzeck-5bc2f;woyzeck-5d2cb;woyzeck-660cf;woyzeck-686d2;woyzeck-85133;woyzeck-8971c;woyzeck-92aa8;woyzeck-96f6d;woyzeck-ce83b;woyzeck-cfc42;woyzeck-d39c5;woyzeck-e303d;woyzeck-fc29d
199579,1788987953315,536cad72f0d438934c7721ef7ebdd8e5,EtmUW,reader_woyzeck,page149,leave,0.9673,98,woyzeck-03540;woyzeck-15c33;woyzeck-1dfd0;woyzeck-20213;woyzeck-26f44;woyzeck-3c7a0;woyzeck-3e041;woyzeck-45528;woyzeck-5bc2f;woyzeck-5d2cb;woyzeck-660cf;woyzeck-686d2;woyzeck-85133;woyzeck-8971c;woyzeck-92aa8;woyzeck-96f6d;woyzeck-ce83b;woyzeck-cfc42;woyzeck-d39c5;woyzeck-e303d;woyzeck-fc29d
199580,1788987964850,536cad72f0d438934c7721ef7ebdd8e5,JV5h3,reader_woyzeck,page149,reenter,0.9673,98,woyzeck-03540;woyzeck-15c33;woyzeck-1dfd0;woyzeck-20213;woyzeck-26f44;woyzeck-3c7a0;woyzeck-3e041;woyzeck-45528;woyzeck-5bc2f;woyzeck-5d2cb;woyzeck-660cf;woyzeck-686d2;woyzeck-85133;woyzeck-8971c;woyzeck-92aa8;woyzeck-96f6d;woyzeck-ce83b;woyzeck-cfc42;woyzeck-d39c5;woyzeck-e303d;woyzeck-fc29d
199581,1788988008314,536cad72f0d438934c7721ef7ebdd8e5,JV5h3,reader_woyzeck,page150,enter,0.9869,4,woyzeck-0362e
199582,1788988009346,536cad72f0d438934c7721ef7ebdd8e5,JV5h3,reader_woyzeck,page151,enter,0.9935,79,woyzeck-1442d;woyzeck-491fb;woyzeck-52030;woyzeck-70595;woyzeck-91c86;woyzeck-91d08;woyzeck-9d69d;woyzeck-d5d52;woyzeck-d78ab;woyzeck-e6cb0;woyzeck-eeb8e;woyzeck-f53f2
199583,1788988023081,536cad72f0d438934c7721ef7ebdd8e5,JV5h3,reader_woyzeck,page152,leave,0.9869,79,woyzeck-1442d;woyzeck-491fb;woyzeck-52030;woyzeck-70595;woyzeck-91c86;woyzeck-91d08;woyzeck-9d69d;woyzeck-d5d52;woyzeck-d78ab;woyzeck-e6cb0;woyzeck-eeb8e;woyzeck-f53f2
199584,1788988036373,536cad72f0d438934c7721ef7ebdd8e5,oaO1a,reader_woyzeck,page152,reenter,0.9869,79,woyzeck-1442d;woyzeck-491fb;woyzeck-52030;woyzeck-70595;woyzeck-91c86;woyzeck-91d08;woyzeck-9d69d;woyzeck-d5d52;woyzeck-d78ab;woyzeck-e6cb0;woyzeck-eeb8e;woyzeck-f53f2
199585,1788988064072,536cad72f0d438934c7721ef7ebdd8e5,oaO1a,reader_woyzeck,page153,enter,1.0065,2,woyzeck-45c99
199586,1788988065402,536cad72f0d438934c7721ef7ebdd8e5,oaO1a,reader_woyzeck,rating,close,reject,0,
199587,1788988067979,536cad72f0d438934c7721ef7ebdd8e5,oaO1a,reader_woyzeck,page154,leave,1,2,woyzeck-45c99
199588,1788988222580,536cad72f0d438934c7721ef7ebdd8e5,SXxOl,reader_woyzeck,page154,reenter,1,2,woyzeck-45c99
199589,1788988223975,536cad72f0d438934c7721ef7ebdd8e5,SXxOl,reader_woyzeck,mindwandering,close,reject,0,
199590,1788988228215,536cad72f0d438934c7721ef7ebdd8e5,SXxOl,second-menu,,enter,,0,
199591,1788988231626,536cad72f0d438934c7721ef7ebdd8e5,SXxOl,schrifteinstellungen_woyzeck,,enter,woyzeck,0,
199592,1788988232900,536cad72f0d438934c7721ef7ebdd8e5,SXxOl,second-menu,,enter,,0,
199593,1788988238163,536cad72f0d438934c7721ef7ebdd8e5,SXxOl,home,,enter,,0,
199594,1788988239278,536cad72f0d438934c7721ef7ebdd8e5,SXxOl,zu-den-texten,,enter,,0,
199595,1788988246574,536cad72f0d438934c7721ef7ebdd8e5,SXxOl,titelblatt_woyzeck,,enter,woyzeck,0,
199596,1788988248300,536cad72f0d438934c7721ef7ebdd8e5,SXxOl,reader_woyzeck,,enter,woyzeck,0,
199597,1788988248318,536cad72f0d438934c7721ef7ebdd8e5,SXxOl,reader_woyzeck,page153,enter,1.0065,2,woyzeck-45c99
199598,1788988253895,536cad72f0d438934c7721ef7ebdd8e5,SXxOl,second-menu,,enter,,0,
199599,1788988263458,536cad72f0d438934c7721ef7ebdd8e5,SXxOl,reader_woyzeck,,enter,woyzeck,0,
199600,1788988263478,536cad72f0d438934c7721ef7ebdd8e5,SXxOl,reader_woyzeck,page153,enter,1.0065,2,woyzeck-45c99
199601,1788988264182,536cad72f0d438934c7721ef7ebdd8e5,SXxOl,reader_woyzeck,page152,enter,1,72,woyzeck-0696d;woyzeck-06f0f;woyzeck-14ef1;woyzeck-264d4;woyzeck-2f479;woyzeck-366e2;woyzeck-3a444;woyzeck-3abf8;woyzeck-40e9c;woyzeck-44fb5;woyzeck-45c99;woyzeck-54923;woyzeck-90691;woyzeck-9d672;woyzeck-b62f4;woyzeck-c7356;woyzeck-de358;woyzeck-f53f2
199602,1788988264579,536cad72f0d438934c7721ef7ebdd8e5,SXxOl,reader_woyzeck,page151,enter,0.9935,79,woyzeck-1442d;woyzeck-491fb;woyzeck-52030;woyzeck-70595;woyzeck-91c86;woyzeck-91d08;woyzeck-9d69d;woyzeck-d5d52;woyzeck-d78ab;woyzeck-e6cb0;woyzeck-eeb8e;woyzeck-f53f2
199603,1788988264912,536cad72f0d438934c7721ef7ebdd8e5,SXxOl,reader_woyzeck,page150,enter,0.9869,4,woyzeck-0362e
199604,1788988277393,536cad72f0d438934c7721ef7ebdd8e5,KVwwh,reader_woyzeck,page151,reenter,0.9804,4,woyzeck-0362e
199605,1788988267380,536cad72f0d438934c7721ef7ebdd8e5,SXxOl,reader_woyzeck,page151,leave,0.9804,4,woyzeck-0362e
199606,1788988278861,536cad72f0d438934c7721ef7ebdd8e5,KVwwh,reader_woyzeck,page149,enter,0.9804,99,woyzeck-0362e;woyzeck-064b5;woyzeck-347e4;woyzeck-44c54;woyzeck-57c6c;woyzeck-6ffd1;woyzeck-8b313;woyzeck-99345;woyzeck-cc980;woyzeck-d5f35;woyzeck-e4c00;woyzeck-ec288;woyzeck-fa8d0
199607,1788988279391,536cad72f0d438934c7721ef7ebdd8e5,KVwwh,reader_woyzeck,page148,enter,0.9739,98,woyzeck-03540;woyzeck-15c33;woyzeck-1dfd0;woyzeck-20213;woyzeck-26f44;woyzeck-3c7a0;woyzeck-3e041;woyzeck-45528;woyzeck-5bc2f;woyzeck-5d2cb;woyzeck-660cf;woyzeck-686d2;woyzeck-85133;woyzeck-8971c;woyzeck-92aa8;woyzeck-96f6d;woyzeck-ce83b;woyzeck-cfc42;woyzeck-d39c5;woyzeck-e303d;woyzeck-fc29d
199608,1788988279721,536cad72f0d438934c7721ef7ebdd8e5,KVwwh,reader_woyzeck,page147,enter,0.9673,24,woyzeck-00ad1;woyzeck-118ca;woyzeck-3ec8a;woyzeck-53c39;woyzeck-5c1b7;woyzeck-98202;woyzeck-a0344;woyzeck-b1602;woyzeck-d7221;woyzeck-eca71;woyzeck-f58ce
199609,1788988279987,536cad72f0d438934c7721ef7ebdd8e5,KVwwh,reader_woyzeck,page146,enter,0.9608,63,woyzeck-08335;woyzeck-1cf40;woyzeck-20afe;woyzeck-2b4f9;woyzeck-4084d;woyzeck-47dbf;woyzeck-49e93;woyzeck-4ea1c;woyzeck-5c562;woyzeck-5f697;woyzeck-7f8ec;woyzeck-81261;woyzeck-81445;woyzeck-96426;woyzeck-a1658;woyzeck-a9ea5;woyzeck-e80bc
199610,1788988280323,536cad72f0d438934c7721ef7ebdd8e5,KVwwh,reader_woyzeck,page145,enter,0.9542,43,woyzeck-04baa;woyzeck-229f9;woyzeck-31d3c;woyzeck-5d4a6;woyzeck-5e05b;woyzeck-70120;woyzeck-78164;woyzeck-84a15;woyzeck-90249;woyzeck-a2ec0;woyzeck-adde3;woyzeck-d6ab0;woyzeck-e9b40;woyzeck-edc98
199611,1788988282484,536cad72f0d438934c7721ef7ebdd8e5,KVwwh,home,,enter,,0,
199612,1788988283236,536cad72f0d438934c7721ef7ebdd8e5,KVwwh,zu-den-texten,,enter,,0,
199613,1788988285879,536cad72f0d438934c7721ef7ebdd8e5,KVwwh,titelblatt_woyzeck,,enter,woyzeck,0,
199614,1788988288114,536cad72f0d438934c7721ef7ebdd8e5,KVwwh,reader_woyzeck,,enter,woyzeck,0,
199615,1788988288126,536cad72f0d438934c7721ef7ebdd8e5,KVwwh,reader_woyzeck,page145,enter,0.9542,43,woyzeck-04baa;woyzeck-229f9;woyzeck-31d3c;woyzeck-5d4a6;woyzeck-5e05b;woyzeck-70120;woyzeck-78164;woyzeck-84a15;woyzeck-90249;woyzeck-a2ec0;woyzeck-adde3;woyzeck-d6ab0;woyzeck-e9b40;woyzeck-edc98
199616,1788988291952,536cad72f0d438934c7721ef7ebdd8e5,KVwwh,second-menu,,enter,,0,
199617,1788988307308,536cad72f0d438934c7721ef7ebdd8e5,KVwwh,reader_woyzeck,,enter,woyzeck,0,
199618,1788988307325,536cad72f0d438934c7721ef7ebdd8e5,KVwwh,reader_woyzeck,page145,enter,0.9542,43,woyzeck-04baa;woyzeck-229f9;woyzeck-31d3c;woyzeck-5d4a6;woyzeck-5e05b;woyzeck-70120;woyzeck-78164;woyzeck-84a15;woyzeck-90249;woyzeck-a2ec0;woyzeck-adde3;woyzeck-d6ab0;woyzeck-e9b40;woyzeck-edc98
199619,1788988307815,536cad72f0d438934c7721ef7ebdd8e5,KVwwh,reader_woyzeck,page144,enter,0.9477,77,woyzeck-0d155;woyzeck-2c143;woyzeck-301e9;woyzeck-42c5c;woyzeck-49ff6;woyzeck-53631;woyzeck-61b73;woyzeck-674cd;woyzeck-71427;woyzeck-860cc;woyzeck-ad607;woyzeck-b8155;woyzeck-cd9fc;woyzeck-d18ea;woyzeck-d723e;woyzeck-de011;woyzeck-e9b40;woyzeck-fbb95;woyzeck-fc088
199620,1788988308112,536cad72f0d438934c7721ef7ebdd8e5,KVwwh,reader_woyzeck,page143,enter,0.9412,12,woyzeck-3f027;woyzeck-b2660
199621,1788988308381,536cad72f0d438934c7721ef7ebdd8e5,KVwwh,reader_woyzeck,page142,enter,0.9346,67,woyzeck-1fc8d;woyzeck-2e569;woyzeck-3bbe3;woyzeck-4094d;woyzeck-4884f;woyzeck-5047e;woyzeck-7bd85;woyzeck-a6724;woyzeck-b997d;woyzeck-cb294;woyzeck-d3d80;woyzeck-d765d;woyzeck-da05b;woyzeck-e4371;woyzeck-f34e3;woyzeck-fe553
199622,1788988309482,536cad72f0d438934c7721ef7ebdd8e5,KVwwh,reader_woyzeck,emotion,close,reject,0,
199623,1788988311500,536cad72f0d438934c7721ef7ebdd8e5,KVwwh,second-menu,,enter,,0,
199624,1788988312853,536cad72f0d438934c7721ef7ebdd8e5,KVwwh,literaturmuseum_woyzeck,,enter,woyzeck,0,
199625,1788988325779,536cad72f0d438934c7721ef7ebdd8e5,KVwwh,second-menu,,enter,,0,
199626,1788988329111,536cad72f0d438934c7721ef7ebdd8e5,KVwwh,warum-lesen-wir_woyzeck,,enter,woyzeck,0,
199627,1788988391399,536cad72f0d438934c7721ef7ebdd8e5,0SwP1,second-menu,,enter,,0,
199628,1788988393376,536cad72f0d438934c7721ef7ebdd8e5,0SwP1,reader_woyzeck,,enter,woyzeck,0,
199629,1788988393395,536cad72f0d438934c7721ef7ebdd8e5,0SwP1,reader_woyzeck,page142,enter,0.9346,67,woyzeck-1fc8d;woyzeck-2e569;woyzeck-3bbe3;woyzeck-4094d;woyzeck-4884f;woyzeck-5047e;woyzeck-7bd85;woyzeck-a6724;woyzeck-b997d;woyzeck-cb294;woyzeck-d3d80;woyzeck-d765d;woyzeck-da05b;woyzeck-e4371;woyzeck-f34e3;woyzeck-fe553
199630,1788988393814,536cad72f0d438934c7721ef7ebdd8e5,0SwP1,reader_woyzeck,page141,enter,0.9281,53,woyzeck-03f83;woyzeck-2eada;woyzeck-3d93d;woyzeck-71770;woyzeck-903de;woyzeck-9d847;woyzeck-9dad6;woyzeck-9ee5f;woyzeck-9f3fc;woyzeck-bec9c;woyzeck-befc4;woyzeck-e5753;woyzeck-f2f04;woyzeck-feb36
199631,1788988394116,536cad72f0d438934c7721ef7ebdd8e5,0SwP1,reader_woyzeck,page140,enter,0.9216,13,woyzeck-44c8f
199632,1788988394678,536cad72f0d438934c7721ef7ebdd8e5,0SwP1,reader_woyzeck,page139,enter,0.915,116,woyzeck-27849;woyzeck-30b1e;woyzeck-40d04;woyzeck-44c8f;woyzeck-68eac;woyzeck-cc935;woyzeck-de484
199633,1788988394978,536cad72f0d438934c7721ef7ebdd8e5,0SwP1,reader_woyzeck,page138,enter,0.9085,101,woyzeck-26dca;woyzeck-27849;woyzeck-308f6;woyzeck-3cc43;woyzeck-5e6af;woyzeck-63357;woyzeck-68d43;woyzeck-75721;woyzeck-7ef63;woyzeck-8f001;woyzeck-9ee4a;woyzeck-a1041;woyzeck-a614a;woyzeck-a85b9;woyzeck-ab564;woyzeck-ba8a4;woyzeck-c2eaa;woyzeck-ca62e;woyzeck-cb3c1;woyzeck-d370e;woyzeck-f1d0d;woyzeck-f5caf
199634,1788988395213,536cad72f0d438934c7721ef7ebdd8e5,0SwP1,reader_woyzeck,page137,enter,0.902,84,woyzeck-1f9c4;woyzeck-21333;woyzeck-2cc78;woyzeck-3e23e;woyzeck-57d64;woyzeck-586a6;woyzeck-624f9;woyzeck-76402;woyzeck-7b7a1;woyzeck-90e9f;woyzeck-a2e4f;woyzeck-c46f6;woyzeck-d0372;woyzeck-d1866;woyzeck-eb69e;woyzeck-ef4da;woyzeck-f0f4b
199635,1788988395479,536cad72f0d438934c7721ef7ebdd8e5,0SwP1,reader_woyzeck,page136,enter,0.8954,62,woyzeck-0e9a7;woyzeck-1df18;woyzeck-216bf;woyzeck-3312a;woyzeck-35946;woyzeck-39b9a;woyzeck-6e5b3;woyzeck-7a96f;woyzeck-86929;woyzeck-925ac;woyzeck-9b2a7;woyzeck-a2bef-2;woyzeck-a7abf;woyzeck-b0a33;woyzeck-dda55
199636,1788988395743,536cad72f0d438934c7721ef7ebdd8e5,0SwP1,reader_woyzeck,page135,enter,0.8889,39,woyzeck-0c414;woyzeck-0c793;woyzeck-17bd3;woyzeck-17e55;woyzeck-19f0f;woyzeck-26a20;woyzeck-32629;woyzeck-536f8;woyzeck-66d49;woyzeck-7c781;woyzeck-7ccf0;woyzeck-90eeb;woyzeck-b981e;woyzeck-d0d0d;woyzeck-d8ccd;woyzeck-dca96;woyzeck-ef9b0
199637,1788988396010,536cad72f0d438934c7721ef7ebdd8e5,0SwP1,reader_woyzeck,page134,enter,0.8824,46,woyzeck-05743-2;woyzeck-17af0;woyzeck-2e3d0;woyzeck-3259c;woyzeck-3cd8b;woyzeck-3da92;woyzeck-4dd74;woyzeck-6024e;woyzeck-6271e;woyzeck-65026;woyzeck-6a348;woyzeck-7ec19;woyzeck-a040a;woyzeck-bdf96;woyzeck-c3e47;woyzeck-c9a30;woyzeck-eee58
199638,1788988396242,536cad72f0d438934c7721ef7ebdd8e5,0SwP1,reader_woyzeck,page133,enter,0.8758,25,woyzeck-147a8;woyzeck-453c9;woyzeck-68e5b;woyzeck-7c11d;woyzeck-87811;woyzeck-97dd0;woyzeck-9e8a2;woyzeck-aaa27;woyzeck-b4368-2;woyzeck-bdc4d;woyzeck-c863c;woyzeck-d8106;woyzeck-efbc4;woyzeck-f1a0e;woyzeck-f2931;woyzeck-f7625
199639,1788988396478,536cad72f0d438934c7721ef7ebdd8e5,0SwP1,reader_woyzeck,page132,enter,0.8693,5,woyzeck-4b1b9;woyzeck-53548-2
199640,1788988396745,536cad72f0d438934c7721ef7ebdd8e5,0SwP1,reader_woyzeck,page131,enter,0.8627,73,woyzeck-00f1a;woyzeck-0a3c2;woyzeck-2009e;woyzeck-30f5a;woyzeck-4aada;woyzeck-4ecb0;woyzeck-6c39c;woyzeck-8c8c1;woyzeck-a710f-2;woyzeck-cd124;woyzeck-d8baf;woyzeck-df5ce;woyzeck-ec250-2
199641,1788988397108,536cad72f0d438934c7721ef7ebdd8e5,0SwP1,reader_woyzeck,page130,enter,0.8562,98,woyzeck-124bf;woyzeck-42891;woyzeck-47420;woyzeck-9eaf6;woyzeck-a3289;woyzeck-c4211
199642,1788988397410,536cad72f0d438934c7721ef7ebdd8e5,0SwP1,reader_woyzeck,page129,enter,0.8497,99,woyzeck-01026;woyzeck-0a204;woyzeck-11937;woyzeck-284cb;woyzeck-47074;woyzeck-48a34;woyzeck-4b879;woyzeck-5f07a;woyzeck-71d4b;woyzeck-7e4c0;woyzeck-a3289;woyzeck-d082d;woyzeck-ec937;woyzeck-feb21
199643,1788988397710,536cad72f0d438934c7721ef7ebdd8e5,0SwP1,reader_woyzeck,page128,enter,0.8431,42,woyzeck-01653;woyzeck-0af50;woyzeck-0eb6f;woyzeck-2aaa1;woyzeck-50637;woyzeck-6def1;woyzeck-7f174;woyzeck-83e56;woyzeck-84262;woyzeck-84440;woyzeck-8994f;woyzeck-b46b9;woyzeck-bcad1;woyzeck-d25bb;woyzeck-dd2f1;woyzeck-fe7c6
199644,1788988397976,536cad72f0d438934c7721ef7ebdd8e5,0SwP1,reader_woyzeck,page127,enter,0.8366,71,woyzeck-21374;woyzeck-2e782;woyzeck-52e52;woyzeck-6c935;woyzeck-9a1a7;woyzeck-9fecc;woyzeck-a6090;woyzeck-abb0c;woyzeck-bca6c;woyzeck-c011c;woyzeck-c57d1;woyzeck-f0096;woyzeck-fe113
199645,1788988398276,536cad72f0d438934c7721ef7ebdd8e5,0SwP1,reader_woyzeck,page126,enter,0.8301,84,woyzeck-033cc;woyzeck-0a78f;woyzeck-1dc8e;woyzeck-20403;woyzeck-2457a;woyzeck-7796e;woyzeck-816a8-2;woyzeck-88acd;woyzeck-a718c;woyzeck-c7a42;woyzeck-cd704-2;woyzeck-ed4a4
199646,1788988411123,536cad72f0d438934c7721ef7ebdd8e5,0SwP1,reader_woyzeck,page125,enter,0.8235,108,woyzeck-017bf;woyzeck-043f9;woyzeck-10bd0;woyzeck-1775a;woyzeck-55326;woyzeck-5c36b;woyzeck-6bd29;woyzeck-816a8-2;woyzeck-8645d;woyzeck-906bd;woyzeck-ca62d;woyzeck-d41e2;woyzeck-fdff9
199647,1788988411656,536cad72f0d438934c7721ef7ebdd8e5,0SwP1,reader_woyzeck,page124,enter,0.817,95,woyzeck-044ba;woyzeck-220d0;woyzeck-3bb88;woyzeck-4430b;woyzeck-64cf2;woyzeck-653c4;woyzeck-665b9;woyzeck-7a1b5;woyzeck-9f9bf;woyzeck-a863d;woyzeck-d6704;woyzeck-d6749;woyzeck-df323
199648,1788988411923,536cad72f0d438934c7721ef7ebdd8e5,0SwP1,reader_woyzeck,page123,enter,0.8105,57,woyzeck-0382e;woyzeck-08802;woyzeck-10e1c;woyzeck-31695;woyzeck-5a70e-2;woyzeck-7ebea;woyzeck-92f4d;woyzeck-9cf0a;woyzeck-a3b8b;woyzeck-bffe9-2;woyzeck-c322a;woyzeck-cca15;woyzeck-d17d2;woyzeck-d2567;woyzeck-e76e5;woyzeck-f3763
199649,1788988412256,536cad72f0d438934c7721ef7ebdd8e5,0SwP1,reader_woyzeck,page122,enter,0.8039,7,woyzeck-24ef3;woyzeck-498c7;woyzeck-6ddd2;woyzeck-c6d3c
199650,1788988412524,536cad72f0d438934c7721ef7ebdd8e5,0SwP1,reader_woyzeck,page121,enter,0.7974,61,woyzeck-0988d;woyzeck-0f958;woyzeck-2720f;woyzeck-2eed3;woyzeck-48d5e;woyzeck-4a95a;woyzeck-52c29;woyzeck-7fe73;woyzeck-8ef4d;woyzeck-97f3a;woyzeck-b041d;woyzeck-d3d36;woyzeck-d5e5c
199651,1788988412823,536cad72f0d438934c7721ef7ebdd8e5,0SwP1,reader_woyzeck,page120,enter,0.7908,75,woyzeck-0f958;woyzeck-1359a;woyzeck-18212;woyzeck-28319;woyzeck-37b5e;woyzeck-3bb4c;woyzeck-3d260;woyzeck-442dc;woyzeck-680d0;woyzeck-68a5b;woyzeck-8276a;woyzeck-9019e;woyzeck-b1a6e;woyzeck-b47d5;woyzeck-ba60c;woyzeck-cbe8b;woyzeck-da837;woyzeck-e69ac;woyzeck-fbabb
199652,1788988413088,536cad72f0d438934c7721ef7ebdd8e5,0SwP1,reader_woyzeck,page119,enter,0.7843,38,woyzeck-04ffd;woyzeck-06b37;woyzeck-09286;woyzeck-1e596;woyzeck-55ef1;woyzeck-81a25;woyzeck-88622;woyzeck-8dd8b;woyzeck-a11cd;woyzeck-b581b;woyzeck-c7fc3;woyzeck-cc308;woyzeck-ced81;woyzeck-da077;woyzeck-eca97;woyzeck-f1a7a;woyzeck-f3ebd;woyzeck-f9ea0
199653,1788988413389,536cad72f0d438934c7721ef7ebdd8e5,0SwP1,reader_woyzeck,page118,enter,0.7778,68,woyzeck-177e8;woyzeck-1836c;woyzeck-28ae2;woyzeck-3f9a0;woyzeck-4cd74;woyzeck-5ae63;woyzeck-74bc3;woyzeck-7d218;woyzeck-94d7c;woyzeck-97945;woyzeck-a30d6;woyzeck-c988d;woyzeck-cb069;woyzeck-d968e;woyzeck-dddf3;woyzeck-e02c4
199654,1788988413655,536cad72f0d438934c7721ef7ebdd8e5,0SwP1,reader_woyzeck,page117,enter,0.7712,41,woyzeck-4d7b4;woyzeck-8b818;woyzeck-bbd79;woyzeck-dbcac;woyzeck-dbf61;woyzeck-f67ab
199655,1788988413921,536cad72f0d438934c7721ef7ebdd8e5,0SwP1,reader_woyzeck,page116,enter,0.7647,111,woyzeck-21e2e;woyzeck-2b00e;woyzeck-2f404;woyzeck-5aeba;woyzeck-740a1;woyzeck-78709;woyzeck-7892c;woyzeck-9cbae;woyzeck-9f16e;woyzeck-b8817;woyzeck-c838e;woyzeck-d9d68;woyzeck-dbefa
199656,1788988414218,536cad72f0d438934c7721ef7ebdd8e5,0SwP1,reader_woyzeck,page115,enter,0.7582,106,woyzeck-0075e;woyzeck-0cff0;woyzeck-21070;woyzeck-2a621;woyzeck-2f404;woyzeck-43dcc;woyzeck-48318;woyzeck-4af03;woyzeck-4db77;woyzeck-90154;woyzeck-94332;woyzeck-d9949;woyzeck-fc04f
199657,1788988414487,536cad72f0d438934c7721ef7ebdd8e5,0SwP1,reader_woyzeck,page114,enter,0.7516,101,woyzeck-3e6a2;woyzeck-4d131;woyzeck-6a4d3;woyzeck-84dc7;woyzeck-a98e6;woyzeck-aaa2b;woyzeck-b687c;woyzeck-d24bd;woyzeck-d6672;woyzeck-d9949;woyzeck-df5b6;woyzeck-e7060;woyzeck-ee41f
199658,1788988416087,536cad72f0d438934c7721ef7ebdd8e5,0SwP1,reader_woyzeck,emotion,close,reject,0,
199659,1788988416615,536cad72f0d438934c7721ef7ebdd8e5,0SwP1,reader_woyzeck,page113,enter,0.7451,75,woyzeck-0a8b5;woyzeck-1577c;woyzeck-1e685;woyzeck-1fe9f;woyzeck-2532b;woyzeck-28857;woyzeck-28898;woyzeck-2c1fc;woyzeck-33961;woyzeck-34524;woyzeck-35594;woyzeck-3e6a2;woyzeck-45749;woyzeck-4c27a;woyzeck-50c9f;woyzeck-7d0ac;woyzeck-9f2a1-3;woyzeck-aa5c0;woyzeck-b8b1f;woyzeck-c16da;woyzeck-cead4;woyzeck-d93b7
199660,1788988416946,536cad72f0d438934c7721ef7ebdd8e5,0SwP1,reader_woyzeck,page112,enter,0.7386,97,woyzeck-26a9d;woyzeck-2dfe9;woyzeck-465c5;woyzeck-4c27a;woyzeck-61c92;woyzeck-6ec4e;woyzeck-9f2a1;woyzeck-9f2a1-2;woyzeck-d3cac;woyzeck-e3fc0;woyzeck-e9659
199661,1788988417250,536cad72f0d438934c7721ef7ebdd8e5,0SwP1,reader_woyzeck,page111,enter,0.732,75,woyzeck-3719c;woyzeck-3df04;woyzeck-41714;woyzeck-67139;woyzeck-813c3;woyzeck-87714;woyzeck-8da1b;woyzeck-94dc9;woyzeck-9c6ea;woyzeck-b7c3a;woyzeck-bf9fe;woyzeck-db56d;woyzeck-dd3fe
199662,1788988417579,536cad72f0d438934c7721ef7ebdd8e5,0SwP1,reader_woyzeck,page110,enter,0.7255,64,woyzeck-1ff85;woyzeck-2f668;woyzeck-30b7e;woyzeck-3aab7;woyzeck-3d1b3;woyzeck-5fc95;woyzeck-61cc5;woyzeck-7f571;woyzeck-8e8bb;woyzeck-8ef2f;woyzeck-9972b;woyzeck-a62b4;woyzeck-b3d0f;woyzeck-cb846;woyzeck-e7555;woyzeck-ea5ec
199663,1788988417879,536cad72f0d438934c7721ef7ebdd8e5,0SwP1,reader_woyzeck,page109,enter,0.719,48,woyzeck-0135b;woyzeck-0b99a;woyzeck-0ba0e;woyzeck-2f668;woyzeck-4096c;woyzeck-4ef05;woyzeck-609e2;woyzeck-65637;woyzeck-66d5b;woyzeck-66f29;woyzeck-6822a;woyzeck-950fd;woyzeck-9f9f7;woyzeck-c4629;woyzeck-c6da6;woyzeck-e04a8;woyzeck-e38eb
199664,1788988418181,536cad72f0d438934c7721ef7ebdd8e5,0SwP1,reader_woyzeck,page108,enter,0.7124,100,woyzeck-0a888;woyzeck-0db2c;woyzeck-0fdee;woyzeck-27d09;woyzeck-45a24;woyzeck-50ee9;woyzeck-55140;woyzeck-85714;woyzeck-87a63;woyzeck-889d2;woyzeck-dc63e;woyzeck-f85d0
199665,1788988418513,536cad72f0d438934c7721ef7ebdd8e5,0SwP1,reader_woyzeck,page107,enter,0.7059,64,woyzeck-05095;woyzeck-35e56;woyzeck-36e5a;woyzeck-3a85a;woyzeck-3ab17;woyzeck-8ff25;woyzeck-925e6;woyzeck-a5f03;woyzeck-acb84;woyzeck-ada83;woyzeck-b3125;woyzeck-d4354;woyzeck-e66a1;woyzeck-ee650;woyzeck-f6253;woyzeck-fc833;woyzeck-fd42f
199666,1788988418813,536cad72f0d438934c7721ef7ebdd8e5,0SwP1,reader_woyzeck,page106,enter,0.6993,5,woyzeck-1ced1;woyzeck-536a6;woyzeck-cf61f;woyzeck-dbabc
199667,1788988419146,536cad72f0d438934c7721ef7ebdd8e5,0SwP1,reader_woyzeck,page105,enter,0.6928,55,woyzeck-0d428;woyzeck-0ecfb;woyzeck-3f4df;woyzeck-49d09;woyzeck-66d17;woyzeck-786c6;woyzeck-88b14;woyzeck-8c0f0;woyzeck-ae21e;woyzeck-c4367;woyzeck-d2d4a;woyzeck-d9b02;woyzeck-e1e74;woyzeck-f7d70
199668,1788988419411,536cad72f0d438934c7721ef7ebdd8e5,0SwP1,reader_woyzeck,page104,enter,0.6863,47,woyzeck-0c221;woyzeck-184eb;woyzeck-2bad8;woyzeck-30a84;woyzeck-311f9;woyzeck-3d315;woyzeck-50095;woyzeck-596e1;woyzeck-611f9;woyzeck-62649;woyzeck-653e3;woyzeck-8c43b;woyzeck-9827b;woyzeck-9f5d5-2;woyzeck-a754a;woyzeck-b17a6
199669,1788988419778,536cad72f0d438934c7721ef7ebdd8e5,0SwP1,reader_woyzeck,page103,enter,0.6797,78,woyzeck-10c23;woyzeck-160fb-2;woyzeck-1e332;woyzeck-29a32-2;woyzeck-33ef7;woyzeck-357eb;woyzeck-3c1ea;woyzeck-412e7;woyzeck-43917-2;woyzeck-4ddc1;woyzeck-58448-2;woyzeck-5f33d;woyzeck-6bc5e;woyzeck-8c5e1;woyzeck-99460;woyzeck-9cb66;woyzeck-a8394-2;woyzeck-b9963-2;woyzeck-c3115;woyzeck-d9e7c-2;woyzeck-dea9d-2;woyzeck-e4893;woyzeck-ea9f9
199670,1788988420046,536cad72f0d438934c7721ef7ebdd8e5,0SwP1,reader_woyzeck,page102,enter,0.6732,73,woyzeck-1793e;woyzeck-2eb0d;woyzeck-33ef7;woyzeck-368c3;woyzeck-4accf;woyzeck-5462f;woyzeck-64573;woyzeck-9f713;woyzeck-a26ca;woyzeck-ac689;woyzeck-b6259;woyzeck-b66ef;woyzeck-c19c0;woyzeck-c3602;woyzeck-c8308;woyzeck-cbb01;woyzeck-fb127;woyzeck-fdb2c
199671,1788988420379,536cad72f0d438934c7721ef7ebdd8e5,0SwP1,reader_woyzeck,page101,enter,0.6667,59,woyzeck-0b6f7;woyzeck-0f728;woyzeck-145e6;woyzeck-2f557;woyzeck-39595;woyzeck-42181;woyzeck-523df;woyzeck-5fc75;woyzeck-662cd;woyzeck-74ace;woyzeck-851f1;woyzeck-906b1;woyzeck-a6c90;woyzeck-af36a;woyzeck-c86f9;woyzeck-cfaff;woyzeck-ec7fc
199672,1788988420678,536cad72f0d438934c7721ef7ebdd8e5,0SwP1,reader_woyzeck,page100,enter,0.6601,55,woyzeck-1257f;woyzeck-2586c;woyzeck-278de;woyzeck-34cd7;woyzeck-5828a;woyzeck-655f0;woyzeck-65664;woyzeck-6e4df;woyzeck-77754;woyzeck-784f1;woyzeck-89f0e;woyzeck-9b8be;woyzeck-a831a;woyzeck-afc6e;woyzeck-cfad3;woyzeck-e8b3e;woyzeck-e99a1;woyzeck-f0ded;woyzeck-f71f6
199673,1788988420977,536cad72f0d438934c7721ef7ebdd8e5,0SwP1,reader_woyzeck,page99,enter,0.6536,47,woyzeck-00cae;woyzeck-01b2d;woyzeck-14571;woyzeck-1c085;woyzeck-1dd0b;woyzeck-3e0f8;woyzeck-4a994;woyzeck-6650d;woyzeck-6b60d;woyzeck-7d706;woyzeck-8b133;woyzeck-8cd60;woyzeck-aabec;woyzeck-b4cb5;woyzeck-c18f3;woyzeck-c2218;woyzeck-cbef4;woyzeck-d4d58;woyzeck-d72b8;woyzeck-e83aa;woyzeck-edb3c
199674,1788988421273,536cad72f0d438934c7721ef7ebdd8e5,0SwP1,reader_woyzeck,page98,enter,0.6471,72,woyzeck-1bea6;woyzeck-28831;woyzeck-470a7;woyzeck-5ae3b;woyzeck-68be3;woyzeck-883ce;woyzeck-8a305;woyzeck-b0ea4;woyzeck-b610d;woyzeck-bf17d;woyzeck-c3579;woyzeck-d326e;woyzeck-de44d
199675,1788988421543,536cad72f0d438934c7721ef7ebdd8e5,0SwP1,reader_woyzeck,page97,enter,0.6405,41,woyzeck-063e8;woyzeck-0efa0;woyzeck-22fd6;woyzeck-4701c;woyzeck-490fd;woyzeck-75cad;woyzeck-7ddb3-3;woyzeck-83a61;woyzeck-9c0a2;woyzeck-9fdd4;woyzeck-a2bef;woyzeck-aa140;woyzeck-ac926;woyzeck-bf080;woyzeck-ca7f0;woyzeck-dac7c;woyzeck-f0c47;woyzeck-f5a63
199676,1788988421808,536cad72f0d438934c7721ef7ebdd8e5,0SwP1,reader_woyzeck,page96,enter,0.634,50,woyzeck-1737e;woyzeck-267b9;woyzeck-28d51;woyzeck-2a38d;woyzeck-3c212;woyzeck-6545b;woyzeck-76e59-2;woyzeck-7ddb3;woyzeck-7ddb3-2;woyzeck-8f16c;woyzeck-996b2;woyzeck-a8676;woyzeck-bb025;woyzeck-bd238;woyzeck-dee80;woyzeck-fda1b
199677,1788988422074,536cad72f0d438934c7721ef7ebdd8e5,0SwP1,reader_woyzeck,page95,enter,0.6275,2,woyzeck-ebffe
199678,1788988422341,536cad72f0d438934c7721ef7ebdd8e5,0SwP1,reader_woyzeck,page94,enter,0.6209,99,woyzeck-14667;woyzeck-2a432;woyzeck-30905;woyzeck-37143;woyzeck-5234a;woyzeck-b4d3d;woyzeck-c0b2c;woyzeck-dd888;woyzeck-e3d71;woyzeck-ebffe;woyzeck-f0aa0;woyzeck-f1fca;woyzeck-fb7ad
199679,1788988422677,536cad72f0d438934c7721ef7ebdd8e5,0SwP1,reader_woyzeck,page93,enter,0.6144,91,woyzeck-090bc;woyzeck-0dbc7;woyzeck-10258;woyzeck-288fe;woyzeck-339e7;woyzeck-36c9e;woyzeck-4a8e7;woyzeck-61a52;woyzeck-6e50e;woyzeck-9307a;woyzeck-9ba5b;woyzeck-b4d3d;woyzeck-b8290;woyzeck-db1ef
199680,1788988423990,536cad72f0d438934c7721ef7ebdd8e5,0SwP1,reader_woyzeck,emotion,close,reject,0,
199681,1788988424501,536cad72f0d438934c7721ef7ebdd8e5,0SwP1,reader_woyzeck,page92,enter,0.6078,70,woyzeck-266ad;woyzeck-28269;woyzeck-288fe;woyzeck-2dfd8;woyzeck-40248;woyzeck-50d53;woyzeck-51ddb;woyzeck-592d4;woyzeck-88660;woyzeck-9cc9b;woyzeck-a33ba;woyzeck-be12e;woyzeck-df139;woyzeck-eff56;woyzeck-f9576;woyzeck-fefd7
199682,1788988424801,536cad72f0d438934c7721ef7ebdd8e5,0SwP1,reader_woyzeck,page91,enter,0.6013,89,woyzeck-0d399;woyzeck-40dfc;woyzeck-6c5a2;woyzeck-9eb1b;woyzeck-e90cb;woyzeck-eff56;woyzeck-fc2d1
199683,1788988425104,536cad72f0d438934c7721ef7ebdd8e5,0SwP1,reader_woyzeck,page90,enter,0.5948,15,woyzeck-56f07;woyzeck-71599;woyzeck-7c26b;woyzeck-98b16;woyzeck-cbe12;woyzeck-f5687
199684,1788988425402,536cad72f0d438934c7721ef7ebdd8e5,0SwP1,reader_woyzeck,page89,enter,0.5882,104,woyzeck-09c48;woyzeck-16e9d;woyzeck-1f35b;woyzeck-21ae9;woyzeck-26f19;woyzeck-2e545;woyzeck-34881;woyzeck-427a7;woyzeck-46723;woyzeck-66d0a;woyzeck-723a7;woyzeck-7b70b;woyzeck-90e51;woyzeck-96790;woyzeck-9cabb;woyzeck-adefa;woyzeck-cebb9;woyzeck-cf23f;woyzeck-ff291
199685,1788988425703,536cad72f0d438934c7721ef7ebdd8e5,0SwP1,reader_woyzeck,page88,enter,0.5817,86,woyzeck-158dc;woyzeck-1b467;woyzeck-25a80;woyzeck-2945e;woyzeck-315f8;woyzeck-51a7c;woyzeck-5480c;woyzeck-6d5c2;woyzeck-7f7c7;woyzeck-97928;woyzeck-98448;woyzeck-adabb;woyzeck-c5d4e;woyzeck-cb505;woyzeck-cfe44;woyzeck-d8fa2;woyzeck-f3d57;woyzeck-f6910
199686,1788988426003,536cad72f0d438934c7721ef7ebdd8e5,0SwP1,reader_woyzeck,page87,enter,0.5752,62,woyzeck-3c644;woyzeck-448b1;woyzeck-52ad4;woyzeck-5aa2d;woyzeck-5b211;woyzeck-5c9a9;woyzeck-76df0;woyzeck-ae4d2;woyzeck-b0c27;woyzeck-b4aa0;woyzeck-bc012;woyzeck-c509a;woyzeck-c5a35;woyzeck-c63bc;woyzeck-e449a;woyzeck-fc52f
199687,1788988426302,536cad72f0d438934c7721ef7ebdd8e5,0SwP1,reader_woyzeck,page86,enter,0.5686,107,woyzeck-0e1d4;woyzeck-1a71b;woyzeck-2c861;woyzeck-3c6f9;woyzeck-47f9f;woyzeck-5c150;woyzeck-64a05;woyzeck-750dd;woyzeck-8b11b;woyzeck-8cfeb;woyzeck-9c061;woyzeck-a061d;woyzeck-c48a9;woyzeck-dd509;woyzeck-f5603
199688,1788988426631,536cad72f0d438934c7721ef7ebdd8e5,0SwP1,reader_woyzeck,page85,enter,0.5621,94,woyzeck-12e77;woyzeck-2297f;woyzeck-2d3b9;woyzeck-51868;woyzeck-58668;woyzeck-7037a;woyzeck-78845;woyzeck-8bf7d;woyzeck-94ff5;woyzeck-a2d4a;woyzeck-cc44e;woyzeck-d2180;woyzeck-f7a09
199689,1788988426864,536cad72f0d438934c7721ef7ebdd8e5,0SwP1,reader_woyzeck,page84,enter,0.5556,73,woyzeck-12e77;woyzeck-1b58a;woyzeck-2cc1d;woyzeck-35405;woyzeck-3944e;woyzeck-45121;woyzeck-55dff;woyzeck-63202;woyzeck-66761;woyzeck-70c55;woyzeck-758cc;woyzeck-b0bfe;woyzeck-c200c;woyzeck-e3a28
199690,1788988427135,536cad72f0d438934c7721ef7ebdd8e5,0SwP1,reader_woyzeck,page83,enter,0.549,91,woyzeck-057f9;woyzeck-088aa;woyzeck-22d84;woyzeck-63202;woyzeck-6635b;woyzeck-9ea9b;woyzeck-a4534;woyzeck-a6920;woyzeck-a9f9b;woyzeck-c566f;woyzeck-f55c6
199691,1788988427432,536cad72f0d438934c7721ef7ebdd8e5,0SwP1,reader_woyzeck,page82,enter,0.5425,96,woyzeck-088aa;woyzeck-26ca6;woyzeck-2e0bb;woyzeck-4561a;woyzeck-65f6b;woyzeck-730e5;woyzeck-7494b;woyzeck-84629;woyzeck-894bb;woyzeck-8f291;woyzeck-be744;woyzeck-fcc4f
199692,1788988427699,536cad72f0d438934c7721ef7ebdd8e5,0SwP1,reader_woyzeck,page81,enter,0.5359,109,woyzeck-07996;woyzeck-0f531;woyzeck-0f8db;woyzeck-1fb2d;woyzeck-345fe;woyzeck-4513c;woyzeck-4b1a0;woyzeck-54890;woyzeck-7e3c4;woyzeck-84629;woyzeck-8d53c;woyzeck-8daf3;woyzeck-8eaec;woyzeck-9390d;woyzeck-a710f;woyzeck-abc80;woyzeck-e2862;woyzeck-ec250;woyzeck-f00d4;woyzeck-f905a
199693,1788988428198,536cad72f0d438934c7721ef7ebdd8e5,0SwP1,reader_woyzeck,page80,enter,0.5294,90,woyzeck-117b6;woyzeck-43ec2;woyzeck-4fd7b;woyzeck-54890;woyzeck-6c79a;woyzeck-8fafc;woyzeck-c6b19;woyzeck-cc1a7;woyzeck-cf709;woyzeck-d2a98
199694,1788988428430,536cad72f0d438934c7721ef7ebdd8e5,0SwP1,reader_woyzeck,page79,enter,0.5229,76,woyzeck-11bc9;woyzeck-13785;woyzeck-25bf4;woyzeck-390dd;woyzeck-581f0;woyzeck-58548;woyzeck-71d41;woyzeck-7747e;woyzeck-b5f4b;woyzeck-cc535;woyzeck-cf709;woyzeck-d68c2;woyzeck-e3aef
199695,1788988428695,536cad72f0d438934c7721ef7ebdd8e5,0SwP1,reader_woyzeck,page78,enter,0.5163,42,woyzeck-224dd;woyzeck-53548;woyzeck-667c9;woyzeck-71d41;woyzeck-9163b;woyzeck-96c5e;woyzeck-9b6ca;woyzeck-c315e;woyzeck-c3e5d;woyzeck-d1d31;woyzeck-d3a56;woyzeck-d7216;woyzeck-fff1d
199696,1788988428901,536cad72f0d438934c7721ef7ebdd8e5,0SwP1,reader_woyzeck,page77,enter,0.5098,80,woyzeck-01639;woyzeck-09950;woyzeck-53ccc;woyzeck-54a6d;woyzeck-5a598
199697,1788988429131,536cad72f0d438934c7721ef7ebdd8e5,0SwP1,reader_woyzeck,page76,enter,0.5033,81,woyzeck-02154;woyzeck-17a10;woyzeck-19929;woyzeck-1fae4;woyzeck-27fb4;woyzeck-4e787;woyzeck-51315;woyzeck-6a4f6;woyzeck-a7884;woyzeck-b0d14;woyzeck-be98c;woyzeck-c6a86;woyzeck-cc670;woyzeck-f9a12
199698,1788988429398,536cad72f0d438934c7721ef7ebdd8e5,0SwP1,reader_woyzeck,page75,enter,0.4967,99,woyzeck-0ec99;woyzeck-2a676;woyzeck-30903;woyzeck-34edd;woyzeck-52620;woyzeck-714d8;woyzeck-816a8;woyzeck-826b6;woyzeck-a3f07;woyzeck-cd704;woyzeck-dec75;woyzeck-f76dd;woyzeck-f9a12
199699,1788988429662,536cad72f0d438934c7721ef7ebdd8e5,0SwP1,reader_woyzeck,page74,enter,0.4902,112,woyzeck-0d76a;woyzeck-13eeb;woyzeck-2e059;woyzeck-34edd;woyzeck-6434a;woyzeck-6f5f4;woyzeck-722c8;woyzeck-7942e;woyzeck-9777c;woyzeck-9be5d;woyzeck-9f353;woyzeck-ab18d;woyzeck-b34d5;woyzeck-c4a84;woyzeck-c772c;woyzeck-c8683;woyzeck-e04b0;woyzeck-e5403
199700,1788988429929,536cad72f0d438934c7721ef7ebdd8e5,0SwP1,reader_woyzeck,page73,enter,0.4837,99,woyzeck-0e2df;woyzeck-26360;woyzeck-32ff7;woyzeck-47d08;woyzeck-4a024;woyzeck-665c0;woyzeck-66af9;woyzeck-6e44b;woyzeck-a136f;woyzeck-ac63a;woyzeck-b38d9;woyzeck-b6dff;woyzeck-e754f;woyzeck-ee10d;woyzeck-f8436
199701,1788988430193,536cad72f0d438934c7721ef7ebdd8e5,0SwP1,reader_woyzeck,page72,enter,0.4771,64,woyzeck-1275a;woyzeck-1b82b;woyzeck-2aaac;woyzeck-2c7fe;woyzeck-34fbc;woyzeck-3f2f4;woyzeck-57fac;woyzeck-5a70e;woyzeck-72010;woyzeck-80af0;woyzeck-8be09;woyzeck-947b9;woyzeck-973e0;woyzeck-a59c6;woyzeck-ab2a9;woyzeck-bffe9;woyzeck-cb7dc;woyzeck-ccb01;woyzeck-d7847;woyzeck-f6573
199702,1788988430461,536cad72f0d438934c7721ef7ebdd8e5,0SwP1,reader_woyzeck,page71,enter,0.4706,20,woyzeck-07bbf;woyzeck-9fb17;woyzeck-afb21;woyzeck-f39a1
199703,1788988430693,536cad72f0d438934c7721ef7ebdd8e5,0SwP1,reader_woyzeck,page70,enter,0.4641,58,woyzeck-245b0;woyzeck-25f8d;woyzeck-38ac4;woyzeck-415ce;woyzeck-41c33;woyzeck-58872;woyzeck-5b1f0;woyzeck-5cd6d;woyzeck-7f3e1;woyzeck-83971;woyzeck-84ace;woyzeck-c07eb;woyzeck-d32be;woyzeck-d4608;woyzeck-ebde9
199704,1788988430927,536cad72f0d438934c7721ef7ebdd8e5,0SwP1,reader_woyzeck,page69,enter,0.4575,21,woyzeck-6329a;woyzeck-917a2;woyzeck-d1ca1
199705,1788988431160,536cad72f0d438934c7721ef7ebdd8e5,0SwP1,reader_woyzeck,page68,enter,0.451,98,woyzeck-246f0;woyzeck-4227d;woyzeck-4c490;woyzeck-625dd;woyzeck-695cb;woyzeck-7bc60;woyzeck-81eef;woyzeck-957df;woyzeck-99b4c;woyzeck-a2a31;woyzeck-a7e7c;woyzeck-a8d4f;woyzeck-d1ca1;woyzeck-ed12a;woyzeck-ee122;woyzeck-f60b5
199706,1788988431426,536cad72f0d438934c7721ef7ebdd8e5,0SwP1,reader_woyzeck,page67,enter,0.4444,84,woyzeck-00a74;woyzeck-1b74c;woyzeck-5449f;woyzeck-6e81c;woyzeck-76c64;woyzeck-92c1a;woyzeck-9c889;woyzeck-bf5dc;woyzeck-e4dac;woyzeck-ee122
199707,1788988431658,536cad72f0d438934c7721ef7ebdd8e5,0SwP1,reader_woyzeck,page66,enter,0.4379,84,woyzeck-17289;woyzeck-1b74c;woyzeck-1bf03;woyzeck-35410;woyzeck-3de67;woyzeck-5b7b5;woyzeck-62f43;woyzeck-6e517;woyzeck-75c44;woyzeck-85a5f;woyzeck-94cf5;woyzeck-9f037;woyzeck-a2fe0;woyzeck-a7305;woyzeck-c2a88;woyzeck-f04a0;woyzeck-f192c;woyzeck-fa120
199708,1788988431893,536cad72f0d438934c7721ef7ebdd8e5,0SwP1,reader_woyzeck,page65,enter,0.4314,59,woyzeck-182fa;woyzeck-1b15b;woyzeck-2399e;woyzeck-239d7;woyzeck-3b1c8;woyzeck-3ff0b;woyzeck-4036f;woyzeck-4576c;woyzeck-4d31c;woyzeck-6dfe2;woyzeck-794c1;woyzeck-7c075;woyzeck-8d884;woyzeck-9bd59;woyzeck-b6a96;woyzeck-c6f04;woyzeck-e1f06;woyzeck-f3648
199709,1788988432124,536cad72f0d438934c7721ef7ebdd8e5,0SwP1,reader_woyzeck,page64,enter,0.4248,94,woyzeck-37a8a;woyzeck-4d31c;woyzeck-5b384;woyzeck-5c343;woyzeck-5c512;woyzeck-a5cd1;woyzeck-d8d47;woyzeck-e8914
199710,1788988432359,536cad72f0d438934c7721ef7ebdd8e5,0SwP1,reader_woyzeck,page63,enter,0.4183,57,woyzeck-00225;woyzeck-1dbb5;woyzeck-25821;woyzeck-2c012;woyzeck-2ea49;woyzeck-561ab;woyzeck-680c2;woyzeck-765af;woyzeck-89fe5;woyzeck-8b1ff;woyzeck-8f0ac;woyzeck-9b0d8;woyzeck-b2f69;woyzeck-bdc2a;woyzeck-c6ed9;woyzeck-d4e54;woyzeck-d9401;woyzeck-da546;woyzeck-f3fe7;woyzeck-fd703
199711,1788988433408,536cad72f0d438934c7721ef7ebdd8e5,0SwP1,reader_woyzeck,emotion,close,reject,0,
199712,1788988433955,536cad72f0d438934c7721ef7ebdd8e5,0SwP1,reader_woyzeck,page62,enter,0.4118,3,woyzeck-7928a;woyzeck-bc6eb
199713,1788988434188,536cad72f0d438934c7721ef7ebdd8e5,0SwP1,reader_woyzeck,page61,enter,0.4052,79,woyzeck-165c7;woyzeck-2f457;woyzeck-3074b;woyzeck-38316;woyzeck-42b11;woyzeck-6f1bd;woyzeck-7cccd;woyzeck-8a067;woyzeck-a07b0;woyzeck-aee37;woyzeck-bc6eb;woyzeck-c9e11;woyzeck-d01a0;woyzeck-d3cb7;woyzeck-d7fbb;woyzeck-e63ab;woyzeck-efb96
199714,1788988434456,536cad72f0d438934c7721ef7ebdd8e5,0SwP1,reader_woyzeck,page60,enter,0.3987,69,woyzeck-04b64;woyzeck-08cc0;woyzeck-151c6;woyzeck-21651;woyzeck-3b0e1;woyzeck-3cdf6;woyzeck-3dc31;woyzeck-41782;woyzeck-42b11;woyzeck-57da0;woyzeck-59e0b;woyzeck-63bd2;woyzeck-77cf5;woyzeck-78ac9;woyzeck-7964e;woyzeck-9036f;woyzeck-9b0eb;woyzeck-aa00e;woyzeck-c155d;woyzeck-d52ea;woyzeck-d8f71;woyzeck-ef073
199715,1788988434688,536cad72f0d438934c7721ef7ebdd8e5,0SwP1,reader_woyzeck,page59,enter,0.3922,77,woyzeck-160fb;woyzeck-17414;woyzeck-29a32;woyzeck-3eb53;woyzeck-43917;woyzeck-465ad;woyzeck-549fe;woyzeck-58448;woyzeck-5ad66;woyzeck-6cdaf;woyzeck-8d658;woyzeck-9f5d5;woyzeck-a8394;woyzeck-b2ebd;woyzeck-b9963;woyzeck-be078;woyzeck-d9e7c;woyzeck-dea9d;woyzeck-e6dad;woyzeck-e8678;woyzeck-fb825
199716,1788988434922,536cad72f0d438934c7721ef7ebdd8e5,0SwP1,reader_woyzeck,page58,enter,0.3856,88,woyzeck-02f5d;woyzeck-0feed;woyzeck-312ff;woyzeck-32ffb;woyzeck-3eb53;woyzeck-4c215;woyzeck-52e4e;woyzeck-52ed0;woyzeck-5e794;woyzeck-6b54b;woyzeck-7187f;woyzeck-76baf;woyzeck-8dbdf;woyzeck-936ef;woyzeck-b9fc5;woyzeck-f124e;woyzeck-ffe64
199717,1788988435152,536cad72f0d438934c7721ef7ebdd8e5,0SwP1,reader_woyzeck,page57,enter,0.3791,39,woyzeck-11feb;woyzeck-1cf5e;woyzeck-637c0;woyzeck-89ca5;woyzeck-94ee1;woyzeck-958e1;woyzeck-97fe8;woyzeck-a0c62;woyzeck-a673a;woyzeck-ac916;woyzeck-c3e3b;woyzeck-c7ff7;woyzeck-d02da;woyzeck-e2623;woyzeck-e873c;woyzeck-ec672;woyzeck-f9025
199718,1788988435422,536cad72f0d438934c7721ef7ebdd8e5,0SwP1,reader_woyzeck,page56,enter,0.3725,7,woyzeck-76c28;woyzeck-d4a98;woyzeck-d97ad
199719,1788988435620,536cad72f0d438934c7721ef7ebdd8e5,0SwP1,reader_woyzeck,page55,enter,0.366,62,woyzeck-0f8e5;woyzeck-28bd2;woyzeck-2cafb;woyzeck-39e9a;woyzeck-49af5;woyzeck-57d31;woyzeck-6d355;woyzeck-6e1c1;woyzeck-876d1;woyzeck-8d447;woyzeck-b2324;woyzeck-b7dca;woyzeck-c257e;woyzeck-cf32a;woyzeck-d204a;woyzeck-e652e;woyzeck-f2318;woyzeck-f5b21;woyzeck-faddf
199720,1788988435852,536cad72f0d438934c7721ef7ebdd8e5,0SwP1,reader_woyzeck,page54,enter,0.3595,92,woyzeck-033f3;woyzeck-0a362;woyzeck-0bc54;woyzeck-0cb0a;woyzeck-28a3e;woyzeck-55074;woyzeck-79a92;woyzeck-7a56d;woyzeck-8302e;woyzeck-95471;woyzeck-a9321;woyzeck-d16ae;woyzeck-d1ab9;woyzeck-e54da;woyzeck-eb33f;woyzeck-efb49
199721,1788988436085,536cad72f0d438934c7721ef7ebdd8e5,0SwP1,reader_woyzeck,page53,enter,0.3529,63,woyzeck-09115;woyzeck-0bdb1;woyzeck-2c3f3;woyzeck-36862;woyzeck-44b1d;woyzeck-47569;woyzeck-4df7f;woyzeck-51b89;woyzeck-76575;woyzeck-7f704;woyzeck-99f78;woyzeck-9b9f3;woyzeck-a5123;woyzeck-a536e;woyzeck-d4744;woyzeck-d8fa5;woyzeck-db043;woyzeck-dfc21;woyzeck-efb49
199722,1788988436319,536cad72f0d438934c7721ef7ebdd8e5,0SwP1,reader_woyzeck,page52,enter,0.3464,42,woyzeck-3bf20;woyzeck-46c6d;woyzeck-55165;woyzeck-6449c;woyzeck-84e60;woyzeck-b113f;woyzeck-bd973;woyzeck-c8f48;woyzeck-d42c3;woyzeck-ebd95;woyzeck-f8f54
199723,1788988436552,536cad72f0d438934c7721ef7ebdd8e5,0SwP1,reader_woyzeck,page51,enter,0.3399,93,woyzeck-18820;woyzeck-2cedd;woyzeck-39dd8;woyzeck-3d813;woyzeck-4e779;woyzeck-6def0;woyzeck-960ff;woyzeck-97f6a;woyzeck-a06ae;woyzeck-a9ea3;woyzeck-ad5a0;woyzeck-b028c;woyzeck-c0669;woyzeck-d79f3;woyzeck-d969e
199724,1788988436786,536cad72f0d438934c7721ef7ebdd8e5,0SwP1,reader_woyzeck,page50,enter,0.3333,6,woyzeck-367f6;woyzeck-6978b;woyzeck-dadf0
199725,1788988437016,536cad72f0d438934c7721ef7ebdd8e5,0SwP1,reader_woyzeck,page49,enter,0.3268,115,woyzeck-0a40e;woyzeck-10826;woyzeck-1276d;woyzeck-2c6a7;woyzeck-2d00c;woyzeck-2d4d8;woyzeck-34bf7;woyzeck-367f6;woyzeck-3d9ae;woyzeck-4354f;woyzeck-4e90e;woyzeck-53507;woyzeck-6f9ea;woyzeck-83401;woyzeck-85857;woyzeck-8a1c4;woyzeck-8f3e2;woyzeck-99def;woyzeck-a280a;woyzeck-b0364;woyzeck-bc13b;woyzeck-c260d;woyzeck-ca79b;woyzeck-d1099;woyzeck-df33d;woyzeck-e25b6;woyzeck-e695b;woyzeck-f0317;woyzeck-f075d
199726,1788988437284,536cad72f0d438934c7721ef7ebdd8e5,0SwP1,reader_woyzeck,page48,enter,0.3203,46,woyzeck-00680;woyzeck-10d8f;woyzeck-124a8;woyzeck-13aa2;woyzeck-1bc52;woyzeck-21304;woyzeck-42048;woyzeck-493d0;woyzeck-4a821;woyzeck-4c6a6;woyzeck-51a26;woyzeck-51e49;woyzeck-5de32;woyzeck-6be0e;woyzeck-840b9;woyzeck-86fc4;woyzeck-8717a;woyzeck-876b8;woyzeck-a9119;woyzeck-ab1c2;woyzeck-b6c94;woyzeck-cbeed;woyzeck-cde27;woyzeck-d4e2c
199727,1788988437518,536cad72f0d438934c7721ef7ebdd8e5,0SwP1,reader_woyzeck,page47,enter,0.3137,37,woyzeck-1d3ed;woyzeck-3b17c;woyzeck-742a2;woyzeck-80f72;woyzeck-872fc;woyzeck-ab5e6;woyzeck-da050;woyzeck-ddaae;woyzeck-e8290;woyzeck-ec01b;woyzeck-f0170
199728,1788988437815,536cad72f0d438934c7721ef7ebdd8e5,0SwP1,reader_woyzeck,page46,enter,0.3072,54,woyzeck-13259;woyzeck-1dc90;woyzeck-2f60a;woyzeck-44689;woyzeck-78730;woyzeck-9ae8e;woyzeck-a566c;woyzeck-b95cb;woyzeck-bf409;woyzeck-c42e4;woyzeck-cb10e;woyzeck-d736a;woyzeck-e09a7;woyzeck-ea105
199729,1788988438015,536cad72f0d438934c7721ef7ebdd8e5,0SwP1,reader_woyzeck,page45,enter,0.3007,43,woyzeck-001dd;woyzeck-0dc80;woyzeck-18bc7;woyzeck-2f3fd;woyzeck-300d4;woyzeck-3ade5;woyzeck-3e265;woyzeck-71208;woyzeck-78d6c;woyzeck-7cca3;woyzeck-99d09;woyzeck-c033c;woyzeck-c6904;woyzeck-c7aae;woyzeck-f07c6;woyzeck-f6d71;woyzeck-f9668
199730,1788988438281,536cad72f0d438934c7721ef7ebdd8e5,0SwP1,reader_woyzeck,page44,enter,0.2941,60,woyzeck-17c62;woyzeck-218b1;woyzeck-3b423;woyzeck-3f43f;woyzeck-64f07;woyzeck-85850;woyzeck-95e74;woyzeck-a5822;woyzeck-ac608;woyzeck-b440b;woyzeck-b7348;woyzeck-d2931;woyzeck-dabb8;woyzeck-f3539;woyzeck-f52e2
199731,1788988438548,536cad72f0d438934c7721ef7ebdd8e5,0SwP1,reader_woyzeck,page43,enter,0.2876,62,woyzeck-01723;woyzeck-05743;woyzeck-3ad55;woyzeck-3b423;woyzeck-41bf8;woyzeck-434c7;woyzeck-4e8ce;woyzeck-6dd55;woyzeck-811a2;woyzeck-81ecb;woyzeck-a4845;woyzeck-a4e0f;woyzeck-cca5e;woyzeck-df784;woyzeck-ee433;woyzeck-f4adc
199732,1788988438848,536cad72f0d438934c7721ef7ebdd8e5,0SwP1,reader_woyzeck,page42,enter,0.281,75,woyzeck-06367;woyzeck-16099;woyzeck-186a8;woyzeck-220b4;woyzeck-2c497;woyzeck-2d0bc;woyzeck-2e1cc;woyzeck-564a3;woyzeck-59615;woyzeck-621e3;woyzeck-623cd;woyzeck-69168;woyzeck-72a10;woyzeck-7f2cc;woyzeck-82a83;woyzeck-83605;woyzeck-8d0ac;woyzeck-93791;woyzeck-9df09;woyzeck-a626e;woyzeck-a6c1f;woyzeck-a9478;woyzeck-aa4fa;woyzeck-ab3c0;woyzeck-aedb5;woyzeck-b9357;woyzeck-cb353;woyzeck-ceb91;woyzeck-d62f7;woyzeck-db77f;woyzeck-e765e;woyzeck-f08a7;woyzeck-f0906
199733,1788988439115,536cad72f0d438934c7721ef7ebdd8e5,0SwP1,reader_woyzeck,page41,enter,0.2745,15,woyzeck-0af09;woyzeck-1cb69;woyzeck-55c3a;woyzeck-67da1;woyzeck-834b9;woyzeck-c1e37;woyzeck-e4e5f
199734,1788988439346,536cad72f0d438934c7721ef7ebdd8e5,0SwP1,reader_woyzeck,page40,enter,0.268,65,woyzeck-08d4f;woyzeck-216ff;woyzeck-23803;woyzeck-33ba4;woyzeck-36e38;woyzeck-38364;woyzeck-544dc;woyzeck-5b617;woyzeck-5ea31;woyzeck-75c02;woyzeck-8f876;woyzeck-92338;woyzeck-95075;woyzeck-9c75d;woyzeck-a65a8;woyzeck-d6d7c;woyzeck-df863;woyzeck-e1f51;woyzeck-e4e5f;woyzeck-e7b0f;woyzeck-f54a3
199735,1788988439647,536cad72f0d438934c7721ef7ebdd8e5,0SwP1,reader_woyzeck,page39,enter,0.2614,73,woyzeck-2888d;woyzeck-3b6dc;woyzeck-62122;woyzeck-7432e;woyzeck-82df2;woyzeck-a9cf1;woyzeck-d4b5c;woyzeck-e2869;woyzeck-e3270;woyzeck-eae50;woyzeck-ee556;woyzeck-fc870
199736,1788988439913,536cad72f0d438934c7721ef7ebdd8e5,0SwP1,reader_woyzeck,page38,enter,0.2549,46,woyzeck-01b59;woyzeck-0cdfd;woyzeck-141d3;woyzeck-1d77f;woyzeck-2e03b;woyzeck-45135;woyzeck-478e1;woyzeck-4c915;woyzeck-7496a;woyzeck-8174d;woyzeck-892e3;woyzeck-aa023;woyzeck-bb063;woyzeck-cb77e;woyzeck-fdc60
199737,1788988440179,536cad72f0d438934c7721ef7ebdd8e5,0SwP1,reader_woyzeck,page37,enter,0.2484,3,woyzeck-fd57c
199738,1788988440412,536cad72f0d438934c7721ef7ebdd8e5,0SwP1,reader_woyzeck,page36,enter,0.2418,56,woyzeck-02694;woyzeck-02edb;woyzeck-1351c;woyzeck-16107;woyzeck-33162;woyzeck-3f82d;woyzeck-74283;woyzeck-7aa75;woyzeck-9208a;woyzeck-cd98b;woyzeck-df600;woyzeck-eced0
199739,1788988440644,536cad72f0d438934c7721ef7ebdd8e5,0SwP1,reader_woyzeck,page35,enter,0.2353,110,woyzeck-0b748;woyzeck-23fd5;woyzeck-27381;woyzeck-2d64c;woyzeck-8c5c0;woyzeck-aca5d;woyzeck-df600;woyzeck-e447f;woyzeck-eb193
199740,1788988440911,536cad72f0d438934c7721ef7ebdd8e5,0SwP1,reader_woyzeck,page34,enter,0.2288,63,woyzeck-01b05;woyzeck-06b92;woyzeck-2bf3d;woyzeck-35b6d;woyzeck-40a7f;woyzeck-462ce;woyzeck-4f526;woyzeck-62f88;woyzeck-682f2;woyzeck-7a558;woyzeck-7c109;woyzeck-896e1;woyzeck-8c03d;woyzeck-9772f;woyzeck-9823e;woyzeck-9923e;woyzeck-a099f;woyzeck-bf589;woyzeck-dc31e;woyzeck-e01ae;woyzeck-eb837;woyzeck-f2bc8;woyzeck-f8bea;woyzeck-fea78
199741,1788988441178,536cad72f0d438934c7721ef7ebdd8e5,0SwP1,reader_woyzeck,page33,enter,0.2222,68,woyzeck-2581c;woyzeck-313a6;woyzeck-3c5e3;woyzeck-5c635;woyzeck-61e88;woyzeck-66c5d;woyzeck-7c045;woyzeck-806d6;woyzeck-80eed;woyzeck-b275a;woyzeck-d225c;woyzeck-d23f1;woyzeck-e35b6;woyzeck-f8fc0;woyzeck-fb0ff
199742,1788988441478,536cad72f0d438934c7721ef7ebdd8e5,0SwP1,reader_woyzeck,page32,enter,0.2157,27,woyzeck-0f38f;woyzeck-24255;woyzeck-36ad2;woyzeck-4ebd8-2;woyzeck-59d20;woyzeck-5fb2b;woyzeck-62ac2;woyzeck-681bc;woyzeck-75664;woyzeck-762b4;woyzeck-8123c;woyzeck-a8446;woyzeck-b00d8;woyzeck-c45c9;woyzeck-c746f;woyzeck-e26d9;woyzeck-e3a98;woyzeck-eb738;woyzeck-f563f
199743,1788988442444,536cad72f0d438934c7721ef7ebdd8e5,0SwP1,reader_woyzeck,emotion,close,reject,0,
199744,1788988442874,536cad72f0d438934c7721ef7ebdd8e5,0SwP1,reader_woyzeck,page31,enter,0.2092,22,woyzeck-01ddb;woyzeck-0cf0a;woyzeck-169f1;woyzeck-37a4d;woyzeck-8be60;woyzeck-b9331;woyzeck-c2c65;woyzeck-df023
199745,1788988443142,536cad72f0d438934c7721ef7ebdd8e5,0SwP1,reader_woyzeck,page30,enter,0.2026,74,woyzeck-06ed8;woyzeck-14faf;woyzeck-41770;woyzeck-44cb3;woyzeck-8b7a4;woyzeck-a79e7;woyzeck-a8dea;woyzeck-b27af;woyzeck-d6e03;woyzeck-d7439;woyzeck-f5865;woyzeck-f9321
199746,1788988443374,536cad72f0d438934c7721ef7ebdd8e5,0SwP1,reader_woyzeck,page29,enter,0.1961,53,woyzeck-01f81;woyzeck-033fe;woyzeck-15f83;woyzeck-226d7;woyzeck-40f8d;woyzeck-41a24;woyzeck-438db;woyzeck-47f67;woyzeck-4c02f;woyzeck-5e414;woyzeck-71eea;woyzeck-75be4;woyzeck-feb8c
199747,1788988443638,536cad72f0d438934c7721ef7ebdd8e5,0SwP1,reader_woyzeck,page28,enter,0.1895,38,woyzeck-12651;woyzeck-167d9;woyzeck-2f5a1;woyzeck-33d2b;woyzeck-5054b;woyzeck-647c5;woyzeck-681c8;woyzeck-76040;woyzeck-8a23e;woyzeck-9ba87;woyzeck-ab036;woyzeck-bb15a;woyzeck-c1327;woyzeck-f0cae;woyzeck-fcf53
199748,1788988443873,536cad72f0d438934c7721ef7ebdd8e5,0SwP1,reader_woyzeck,page27,enter,0.183,107,woyzeck-040da;woyzeck-0763d;woyzeck-0cb5d;woyzeck-120f2;woyzeck-2d7b5;woyzeck-397c3;woyzeck-47537;woyzeck-5d428;woyzeck-5e3d7;woyzeck-685f4;woyzeck-78f16;woyzeck-80924;woyzeck-86cbd;woyzeck-a8829;woyzeck-aaccc;woyzeck-ad079;woyzeck-bb573;woyzeck-c4001;woyzeck-cceed;woyzeck-dcf79;woyzeck-e6755;woyzeck-ec83f;woyzeck-eccfd
199749,1788988444073,536cad72f0d438934c7721ef7ebdd8e5,0SwP1,reader_woyzeck,page26,enter,0.1765,105,woyzeck-0cb5d;woyzeck-184cf;woyzeck-3334a;woyzeck-3427c;woyzeck-38ecf;woyzeck-3dbf9;woyzeck-46cfc;woyzeck-47d81;woyzeck-64954;woyzeck-66564;woyzeck-7843d;woyzeck-7fb12;woyzeck-a7018;woyzeck-dd245;woyzeck-e5aed;woyzeck-fb6f6
199750,1788988444339,536cad72f0d438934c7721ef7ebdd8e5,0SwP1,reader_woyzeck,page25,enter,0.1699,70,woyzeck-190c1;woyzeck-8bbfe;woyzeck-8f175;woyzeck-93bce;woyzeck-94e6d;woyzeck-94e6d-2;woyzeck-b2eda;woyzeck-e4a30;woyzeck-f6ed1;woyzeck-fdd99
199751,1788988444540,536cad72f0d438934c7721ef7ebdd8e5,0SwP1,reader_woyzeck,page24,enter,0.1634,58,woyzeck-1a97a;woyzeck-1bbf0;woyzeck-277a9;woyzeck-2bbbd;woyzeck-3e750;woyzeck-426d9;woyzeck-49290;woyzeck-501c1;woyzeck-52286;woyzeck-5d693;woyzeck-5fa6b;woyzeck-7dce7;woyzeck-9d4b5;woyzeck-dd307;woyzeck-f5e00;woyzeck-f900c;woyzeck-f9765
199752,1788988444806,536cad72f0d438934c7721ef7ebdd8e5,0SwP1,reader_woyzeck,page23,enter,0.1569,21,woyzeck-17c57;woyzeck-27a21;woyzeck-59ad4;woyzeck-ce5a7;woyzeck-cf1ef;woyzeck-d8ab2;woyzeck-d90ca;woyzeck-f75b6
199753,1788988445041,536cad72f0d438934c7721ef7ebdd8e5,0SwP1,reader_woyzeck,page22,enter,0.1503,40,woyzeck-04450;woyzeck-1f650;woyzeck-5643f;woyzeck-69e0b;woyzeck-8b402;woyzeck-9d9d3;woyzeck-cec01;woyzeck-d2d20;woyzeck-d3bb6;woyzeck-e5406;woyzeck-eaedf;woyzeck-ed3c3;woyzeck-fe85b
199754,1788988445272,536cad72f0d438934c7721ef7ebdd8e5,0SwP1,reader_woyzeck,page21,enter,0.1438,50,woyzeck-1b92b;woyzeck-2215a;woyzeck-25354;woyzeck-50289;woyzeck-6ebca;woyzeck-79d5a;woyzeck-7a875;woyzeck-87c44;woyzeck-894d7;woyzeck-9e76e;woyzeck-b665e;woyzeck-ba4c5;woyzeck-e379f;woyzeck-e8c53;woyzeck-ef4ab;woyzeck-f7cd7
199755,1788988445504,536cad72f0d438934c7721ef7ebdd8e5,0SwP1,reader_woyzeck,page20,enter,0.1373,38,woyzeck-4c988;woyzeck-89c48;woyzeck-adb2c;woyzeck-e475a
199756,1788988445770,536cad72f0d438934c7721ef7ebdd8e5,0SwP1,reader_woyzeck,page19,enter,0.1307,48,woyzeck-18481;woyzeck-2ffb8;woyzeck-4ebd8;woyzeck-534d3;woyzeck-8a011;woyzeck-90578;woyzeck-9fb0f;woyzeck-adb2c;woyzeck-af889;woyzeck-b77c3;woyzeck-b77de;woyzeck-bf779;woyzeck-cacd9;woyzeck-d9fac;woyzeck-e8f61;woyzeck-f5446
199757,1788988446037,536cad72f0d438934c7721ef7ebdd8e5,0SwP1,reader_woyzeck,page18,enter,0.1242,61,woyzeck-0fccb;woyzeck-1a4c8;woyzeck-2e937;woyzeck-48843;woyzeck-58465;woyzeck-6121c;woyzeck-63b38;woyzeck-699d7;woyzeck-73b91;woyzeck-7d4c3;woyzeck-7f5ca;woyzeck-8ec0a;woyzeck-a720e;woyzeck-a811e;woyzeck-aabd3;woyzeck-ae4f7;woyzeck-c68d1;woyzeck-dc79f;woyzeck-ed7de;woyzeck-f3f83
199758,1788988446304,536cad72f0d438934c7721ef7ebdd8e5,0SwP1,reader_woyzeck,page17,enter,0.1176,35,woyzeck-25252;woyzeck-64b01;woyzeck-73b22;woyzeck-7f989;woyzeck-83474;woyzeck-8c00e;woyzeck-fa294
199759,1788988446570,536cad72f0d438934c7721ef7ebdd8e5,0SwP1,reader_woyzeck,page16,enter,0.1111,68,woyzeck-0fe28;woyzeck-1711c;woyzeck-371b1;woyzeck-4ad31;woyzeck-55a5a;woyzeck-62794;woyzeck-72499;woyzeck-729ba;woyzeck-73f57;woyzeck-75ed9;woyzeck-7b35d;woyzeck-909b4;woyzeck-96407;woyzeck-99c13;woyzeck-a1d12;woyzeck-aa8b7;woyzeck-cd9e3;woyzeck-d4e46;woyzeck-e5e96;woyzeck-f66a2;woyzeck-fa523
199760,1788988446803,536cad72f0d438934c7721ef7ebdd8e5,0SwP1,reader_woyzeck,page15,enter,0.1046,5,woyzeck-73257;woyzeck-ac342
199761,1788988447071,536cad72f0d438934c7721ef7ebdd8e5,0SwP1,reader_woyzeck,page14,enter,0.098,41,woyzeck-2b219;woyzeck-35c07;woyzeck-52cb7;woyzeck-57a23;woyzeck-715c2;woyzeck-751c8;woyzeck-76e59;woyzeck-777d6;woyzeck-8203c;woyzeck-b51b8;woyzeck-ba9c7;woyzeck-be77a;woyzeck-c371f;woyzeck-ce696;woyzeck-d5c40;woyzeck-dcb0c
199762,1788988447300,536cad72f0d438934c7721ef7ebdd8e5,0SwP1,reader_woyzeck,page13,enter,0.0915,39,woyzeck-132c8;woyzeck-2bfb8;woyzeck-3bdd7;woyzeck-539d6;woyzeck-6b951;woyzeck-72202;woyzeck-78df3;woyzeck-791fb;woyzeck-8b5ae;woyzeck-9fb24;woyzeck-a2172;woyzeck-b4368;woyzeck-b9024;woyzeck-d20d3;woyzeck-da0f6;woyzeck-fc785
199763,1788988447568,536cad72f0d438934c7721ef7ebdd8e5,0SwP1,reader_woyzeck,page12,enter,0.085,20,woyzeck-25f0f;woyzeck-2b7d8;woyzeck-41165;woyzeck-86ab4;woyzeck-bf70a;woyzeck-c8718
199764,1788988447800,536cad72f0d438934c7721ef7ebdd8e5,0SwP1,reader_woyzeck,page11,enter,0.0784,43,woyzeck-0d806;woyzeck-3c34e;woyzeck-596fe;woyzeck-78ca3;woyzeck-7dda2;woyzeck-a0c08;woyzeck-aa876;woyzeck-d6ce8;woyzeck-e5ad3;woyzeck-eaf4f;woyzeck-fde4e
199765,1788988448069,536cad72f0d438934c7721ef7ebdd8e5,0SwP1,reader_woyzeck,page10,enter,0.0719,115,woyzeck-3181d;woyzeck-3eaba;woyzeck-4c2d7;woyzeck-55d8d;woyzeck-5601a;woyzeck-5fa38;woyzeck-609f1;woyzeck-642a7;woyzeck-69682;woyzeck-732a7;woyzeck-76f5a;woyzeck-bc157;woyzeck-e8557;woyzeck-ea86e;woyzeck-f4fac;woyzeck-f94b7
199766,1788988448333,536cad72f0d438934c7721ef7ebdd8e5,0SwP1,reader_woyzeck,page9,enter,0.0654,99,woyzeck-103d2;woyzeck-178f9;woyzeck-3625a;woyzeck-44293;woyzeck-47256;woyzeck-77cb9;woyzeck-7c1d6;woyzeck-a0949;woyzeck-a71af;woyzeck-adebb;woyzeck-b599b;woyzeck-bc5b1;woyzeck-d03bc;woyzeck-ea86e;woyzeck-eea61
199767,1788988448601,536cad72f0d438934c7721ef7ebdd8e5,0SwP1,reader_woyzeck,page8,enter,0.0588,20,woyzeck-02dc2;woyzeck-59353;woyzeck-67c24;woyzeck-d8d3a;woyzeck-efce1
199768,1788988448867,536cad72f0d438934c7721ef7ebdd8e5,0SwP1,reader_woyzeck,page7,enter,0.0523,83,woyzeck-14a65;woyzeck-22385;woyzeck-409b6;woyzeck-421cd;woyzeck-479b6;woyzeck-4a44d;woyzeck-4d41d;woyzeck-4f3a3;woyzeck-5232b;woyzeck-5f057;woyzeck-77044;woyzeck-79c38;woyzeck-7ad80;woyzeck-87175;woyzeck-8e9ce;woyzeck-8ec1c;woyzeck-92438;woyzeck-a01f9;woyzeck-b23f0;woyzeck-e1aa8;woyzeck-f31fa
199769,1788988449133,536cad72f0d438934c7721ef7ebdd8e5,0SwP1,reader_woyzeck,page6,enter,0.0458,96,woyzeck-30255;woyzeck-3b0b8;woyzeck-5678b;woyzeck-63667;woyzeck-d8d38;woyzeck-dd15e
199770,1788988449400,536cad72f0d438934c7721ef7ebdd8e5,0SwP1,reader_woyzeck,page5,enter,0.0392,82,woyzeck-186d7;woyzeck-88737;woyzeck-8ac53;woyzeck-8f409;woyzeck-f0d67;woyzeck-f14ba
199771,1788988449663,536cad72f0d438934c7721ef7ebdd8e5,0SwP1,reader_woyzeck,page4,enter,0.0327,98,woyzeck-1364f;woyzeck-25e1e;woyzeck-8537f;woyzeck-95c99;woyzeck-b5481;woyzeck-c29aa;woyzeck-c82ca;woyzeck-d5ee6;woyzeck-dab77
199772,1788988449931,536cad72f0d438934c7721ef7ebdd8e5,0SwP1,reader_woyzeck,page3,enter,0.0261,42,woyzeck-0ad18;woyzeck-cce1c
199773,1788988450827,536cad72f0d438934c7721ef7ebdd8e5,0SwP1,reader_woyzeck,page2,enter,0.0196,84,woyzeck-57d4e;woyzeck-5d4ec;woyzeck-68b45;woyzeck-9d43c;woyzeck-cce1c;woyzeck-f02f6
199774,1788988451635,536cad72f0d438934c7721ef7ebdd8e5,0SwP1,reader_woyzeck,page1,enter,0.0131,70,woyzeck-68b45;woyzeck-78085;woyzeck-90e68;woyzeck-9e57e;woyzeck-cf62c;woyzeck-d861b;woyzeck-f5d9b
199775,1788988465174,536cad72f0d438934c7721ef7ebdd8e5,0SwP1,reader_woyzeck,page2,enter,0.0196,84,woyzeck-57d4e;woyzeck-5d4ec;woyzeck-68b45;woyzeck-9d43c;woyzeck-cce1c;woyzeck-f02f6
199776,1788988480202,536cad72f0d438934c7721ef7ebdd8e5,0SwP1,reader_woyzeck,page3,leave,0.0131,84,woyzeck-57d4e;woyzeck-5d4ec;woyzeck-68b45;woyzeck-9d43c;woyzeck-cce1c;woyzeck-f02f6
